Date,ISIN,Security_Type,Tenure,Highest_Yield,Num_Trades,Row_No,Opening_Yield(_%),Closing_Yield(_%),Lowest_Yield(_%),Weighted_Average_Yield(_%),Volume_(Rs._Mn_),Col_11
2025-12-15,LKA36426A029,Tbill,0.05,7.05,1.0,1,7.05,7.05,7.05,7.05,5 1,
2025-12-15,LKB00426E154,TBond,0.41,8.3,1.0,2,8.30,8.30,8.30,8.30,1 95,
2025-12-15,LKB01226F014,TBond,0.46,8.3,1.0,3,8.30,8.30,8.30,8.30,5 0,
2025-12-15,LKB01026H014,TBond,0.63,8.35,1.0,4,8.35,8.35,8.35,8.35,2 50,
2025-12-15,LKB00428B156,TBond,2.17,8.99,6.0,5,8.99,8.99,8.98,8.99,"2 ,600",
2025-12-15,LKB01028C151,TBond,2.25,9.0,2.0,6,9.00,8.99,8.99,8.99,7 00,
2025-12-15,LKB01528E016,TBond,2.38,9.05,1.0,7,9.05,9.05,9.05,9.05,1 00,
2025-12-15,LKB01628G019,TBond,2.54,9.06,1.0,8,9.06,9.06,9.06,9.06,"1 ,500",
2025-12-15,LKB01528I017,TBond,2.71,9.1,2.0,9,9.10,9.10,9.10,9.10,8 00,
2025-12-15,LKB00528L152,TBond,3.0,9.1,1.0,10,9.10,9.10,9.10,9.10,5 00,
2025-12-15,LKB00529J154,TBond,3.83,9.48,1.0,11,9.48,9.48,9.48,9.48,1 50,
2025-12-15,LKB02032J017,TBond,6.8,10.25,1.0,12,10.25,10.25,10.25,10.25,5 00,
2025-12-16,LKA18226C062,Tbill,0.22,7.6,1.0,1,7.60,7.60,7.60,7.60,7 5,
2025-12-16,LKA36426C132,Tbill,0.24,7.65,1.0,2,7.65,7.65,7.65,7.65,7 25,
2025-12-16,LKB00428B156,TBond,2.17,8.99,4.0,3,8.99,8.99,8.99,8.99,"4 ,000",
2025-12-16,LKB01528E016,TBond,2.37,9.05,2.0,4,9.05,9.05,9.05,9.05,2 00,
2025-12-16,LKB01628G019,TBond,2.54,9.08,1.0,5,9.08,9.08,9.08,9.08,2 50,
2025-12-16,LKB00528L152,TBond,3.0,9.15,6.0,6,9.15,9.12,9.12,9.14,"1 ,500",
2025-12-16,LKB00529F152,TBond,3.5,9.4,1.0,7,9.40,9.40,9.40,9.40,1 00,
2025-12-16,LKB00629I154,TBond,3.75,9.49,5.0,8,9.05,9.45,9.45,9.47,9 50,
2025-12-16,LKB00529J154,TBond,3.83,9.5,2.0,9,9.50,9.50,9.50,9.50,3 50,
2025-12-16,LKB01530E152,TBond,4.41,9.6,2.0,10,9.60,9.60,9.60,9.60,3 00,
2025-12-16,LKB01031L016,TBond,5.96,10.06,2.0,11,10.05,10.06,10.05,10.06,1 00,
2025-12-16,LKB01032G014,TBond,6.54,10.33,1.0,12,10.33,10.33,10.33,10.33,5 00,
2025-12-16,LKB02032J017,TBond,6.79,10.28,6.0,13,10.25,10.26,10.25,10.26,7 76,
2025-12-16,LKB02033K013,TBond,7.88,10.4,2.0,14,10.40,10.40,10.40,10.40,2 00,
2025-12-16,LKB01035F159,TBond,9.49,10.66,4.0,15,10.66,10.65,10.65,10.65,"1 ,150",
2025-12-17,LKA09126C206,Tbill,0.25,7.54,14.0,1,7.52,7.53,7.25,7.51,"4 ,040",
2025-12-17,LKA36426C207,Tbill,0.25,7.51,1.0,2,7.51,7.51,7.51,7.51,500,
2025-12-17,LKB00426E154,TBond,0.41,8.23,2.0,6,8.23,8.22,8.22,8.22,495,
2025-12-17,LKA18226F198,Tbill,0.5,7.93,10.0,3,7.91,7.93,7.91,7.92,"4 ,914",
2025-12-17,LKA36426F192,Tbill,0.5,7.95,1.0,4,7.95,7.95,7.95,7.95,"2 ,000",
2025-12-17,LKB00326L151,TBond,0.99,8.05,1.0,7,8.05,8.05,8.05,8.05,82,
2025-12-17,LKA36426L182,Tbill,1.0,8.04,3.0,5,8.04,8.03,8.03,8.03,"7 ,605",
2025-12-17,LKB00527E019,TBond,1.37,8.85,3.0,8,8.82,8.85,8.82,8.84,"2 ,000",
2025-12-17,LKB00628A153,TBond,2.08,8.95,2.0,9,8.95,8.95,8.95,8.95,700,
2025-12-17,LKB00428B156,TBond,2.16,8.97,4.0,10,8.97,8.95,8.95,8.96,"1 ,350",
2025-12-17,LKB01028C151,TBond,2.24,8.95,4.0,11,8.95,8.95,8.93,8.95,550,
2025-12-17,LKB01528E016,TBond,2.37,9.05,11.0,12,9.05,8.95,8.95,8.97,"1 ,500",
2025-12-17,LKB01628G019,TBond,2.54,9.07,12.0,13,9.07,9.00,8.95,9.01,"1 ,200",
2025-12-17,LKB01528I017,TBond,2.71,9.02,2.0,14,9.02,9.02,9.02,9.02,750,
2025-12-17,LKB00528L152,TBond,3.0,9.1,5.0,15,9.10,9.02,9.02,9.04,850,
2025-12-17,LKB00529F152,TBond,3.49,9.39,6.0,16,9.39,9.38,9.38,9.39,650,
2025-12-17,LKB00529L150,TBond,3.99,9.48,6.0,17,9.47,9.48,9.47,9.48,750,
2025-12-17,LKB01231C151,TBond,5.24,9.85,2.0,18,9.85,9.85,9.85,9.85,350,
2025-12-17,LKB00832L158,TBond,7.0,10.26,7.0,19,10.26,10.22,10.22,10.23,350,
2025-12-18,LKA36426A029,Tbill,0.04,8.05,3.0,1,8.05,7.95,7.80,7.93,"3 ,000",
2025-12-18,LKA09126C206,Tbill,0.25,7.4,2.0,2,7.40,7.40,7.40,7.40,127,
2025-12-18,LKA18226F198,Tbill,0.5,7.91,1.0,3,7.91,7.91,7.91,7.91,"1 0,000",
2025-12-18,LKA36426I048,Tbill,0.71,8.0,1.0,4,8.00,8.00,8.00,8.00,500,
2025-12-18,LKA36426I113,Tbill,0.73,8.0,1.0,5,8.00,8.00,8.00,8.00,500,
2025-12-18,LKA36426L182,Tbill,1.0,8.0,1.0,6,8.00,8.00,8.00,8.00,152,
2025-12-18,LKB01528E016,TBond,2.37,9.04,3.0,7,9.00,9.04,9.00,9.01,"1 ,650",
2025-12-18,LKB01231C151,TBond,5.24,9.89,3.0,8,9.85,9.89,9.85,9.87,"1 ,250",
2025-12-19,LKA09126C206,Tbill,0.24,7.53,1.0,1,7.53,7.53,7.53,7.53,800,
2025-12-19,LKB00426E154,TBond,0.39,8.3,1.0,2,8.30,8.30,8.30,8.30,50,
2025-12-19,LKA36426G174,Tbill,0.57,8.1,1.0,3,8.10,8.10,8.10,8.10,"1 ,600",
2025-12-19,LKA36426G315,Tbill,0.61,8.0,2.0,4,8.00,8.00,8.00,8.00,"2 ,000",
2025-12-19,LKB01026H014,TBond,0.61,8.4,2.0,5,8.35,8.40,8.35,8.37,325,
2025-12-19,LKB00527E019,TBond,1.36,8.8,1.0,6,8.80,8.80,8.80,8.80,100,
2025-12-19,LKB00428B156,TBond,2.15,9.02,1.0,7,9.02,9.02,9.02,9.02,"1 ,000",
2025-12-19,LKB01528E016,TBond,2.36,9.05,2.0,8,9.05,9.02,9.02,9.03,750,
2025-12-19,LKB01628G019,TBond,2.52,9.1,4.0,9,9.10,9.08,9.05,9.09,600,
2025-12-19,LKB00528L152,TBond,2.98,9.1,1.0,10,9.10,9.10,9.10,9.10,100,
2025-12-19,LKB00629I154,TBond,3.73,9.52,4.0,11,9.52,9.50,9.50,9.51,400,
2025-12-19,LKB00529J154,TBond,3.81,9.55,7.0,12,9.50,9.52,9.50,9.54,700,
2025-12-19,LKB01530E152,TBond,4.39,9.65,2.0,13,9.55,9.65,9.65,9.65,200,
2025-12-19,LKB00530G018,TBond,4.52,9.65,1.0,14,9.65,9.65,9.65,9.65,100,
2025-12-19,LKB01231C151,TBond,5.23,9.9,2.0,15,9.90,9.90,9.90,9.90,150,
2025-12-19,LKB02032J017,TBond,6.78,10.31,3.0,16,10.30,10.31,10.30,10.31,200,
2025-12-19,LKB00832L158,TBond,6.98,10.36,4.0,17,10.36,10.35,10.35,10.36,550,
2025-12-19,LKB02033K013,TBond,7.86,10.46,2.0,18,10.45,10.46,10.45,10.46,200,
2025-12-19,LKB01035F159,TBond,9.48,10.68,5.0,19,10.67,10.65,10.65,10.67,630,
2025-12-22,LKB01326B011,TBond,0.11,8.4,2.0,1,8.30,8.40,8.30,8.35,1 20,
2025-12-22,LKA36426C132,Tbill,0.22,8.0,1.0,2,8.00,8.00,8.00,8.00,3 50,
2025-12-22,LKB00426E154,TBond,0.39,8.4,2.0,3,8.30,8.40,8.30,8.35,1 80,
2025-12-22,LKB01226F014,TBond,0.44,8.4,4.0,4,8.30,8.40,8.30,8.34,9 30,
2025-12-22,LKA36426G034,Tbill,0.53,8.0,3.0,5,8.00,7.92,7.92,7.99,"1 ,298",
2025-12-22,LKA36426G109,Tbill,0.55,8.0,1.0,6,8.00,8.00,8.00,8.00,4 83,
2025-12-22,LKA36426G240,Tbill,0.59,8.0,1.0,7,8.00,8.00,8.00,8.00,4 02,
2025-12-22,LKB01026H014,TBond,0.61,8.45,2.0,8,8.35,8.45,8.35,8.39,4 95,
2025-12-22,LKB00527E019,TBond,1.36,9.0,2.0,9,8.90,9.00,8.90,8.95,1 30,
2025-12-22,LKB00527I150,TBond,1.73,9.05,2.0,10,8.95,9.05,8.95,8.98,4 10,
2025-12-22,LKB01027L154,TBond,1.98,9.1,2.0,11,9.00,9.00,9.00,9.05,1 50,
2025-12-22,LKB00428B156,TBond,2.15,9.15,2.0,12,9.05,9.15,9.05,9.09,6 15,
2025-12-22,LKB01528E016,TBond,2.36,9.2,2.0,13,9.10,9.20,9.10,9.15,1 50,
2025-12-22,LKB01628G019,TBond,2.52,9.25,2.0,14,9.15,9.25,9.15,9.19,1 95,
2025-12-22,LKB00528L152,TBond,2.98,9.25,2.0,15,9.15,9.25,9.15,9.20,1 00,
2025-12-22,LKB00529F152,TBond,3.48,9.45,1.0,16,9.45,9.45,9.45,9.45,1 00,
2025-12-22,LKB00529L150,TBond,3.98,9.55,1.0,17,9.55,9.55,9.55,9.55,1 00,
2025-12-22,LKB01231C151,TBond,5.23,9.96,1.0,18,9.96,9.96,9.96,9.96,1 00,
2025-12-22,LKB02032J017,TBond,6.78,10.3,1.0,19,10.30,10.30,10.30,10.30,2 00,
2025-12-23,LKA36426C132,Tbill,0.22,7.6,1.0,1,7.60,7.60,7.60,7.60,64,
2025-12-23,LKA09126C271,Tbill,0.26,7.55,7.0,2,7.55,7.51,7.45,7.52,"2 ,385",
2025-12-23,LKA18226F263,Tbill,0.51,8.0,16.0,3,8.00,7.95,7.91,7.96,"1 2,956",
2025-12-23,LKA36426G240,Tbill,0.58,8.0,1.0,4,8.00,8.00,8.00,8.00,250,
2025-12-23,LKA36426L257,Tbill,1.0,8.16,12.0,5,8.05,8.16,8.03,8.06,"6 ,100",
2025-12-23,LKB01528E016,TBond,2.35,9.08,3.0,6,9.08,9.07,9.07,9.07,"1 ,200",
2025-12-23,LKB01628G019,TBond,2.52,9.08,2.0,7,9.08,9.08,9.08,9.08,"1 ,100",
2025-12-23,LKB00428J159,TBond,2.81,9.17,2.0,8,9.17,9.11,9.11,9.14,600,
2025-12-23,LKB00528L152,TBond,2.98,9.2,1.0,9,9.20,9.20,9.20,9.20,100,
2025-12-23,LKB00529F152,TBond,3.48,9.53,7.0,10,9.50,9.50,9.50,9.51,850,
2025-12-23,LKB00629I154,TBond,3.73,9.58,2.0,11,9.57,9.58,9.57,9.58,200,
2025-12-23,LKB00529J154,TBond,3.81,9.63,4.0,12,9.60,9.63,9.60,9.62,950,
2025-12-23,LKB00529L150,TBond,3.98,9.65,2.0,13,9.65,9.65,9.65,9.65,350,
2025-12-23,LKB00530G018,TBond,4.52,9.72,5.0,14,9.70,9.72,9.70,9.71,650,
2025-12-23,LKB01032G014,TBond,6.52,10.55,1.0,15,10.55,10.55,10.55,10.55,50,
2025-12-23,LKB01035F159,TBond,9.48,10.68,1.0,16,10.68,10.68,10.68,10.68,450,
2025-12-24,LKB00527I150,TBond,1.72,9.06,3.0,1,9.05,9.06,9.05,9.05,"1 ,167",
2025-12-24,LKB00428B156,TBond,2.14,9.15,1.0,2,9.15,9.15,9.15,9.15,4 50,
2025-12-24,LKB01028C151,TBond,2.22,9.15,3.0,3,9.10,9.15,9.10,9.12,"1 ,800",
2025-12-24,LKB01628G019,TBond,2.52,9.2,3.0,4,9.20,9.20,9.20,9.20,7 50,
2025-12-24,LKB00428J159,TBond,2.81,9.23,3.0,5,9.22,9.20,9.20,9.22,"1 ,783",
2025-12-24,LKB00529F152,TBond,3.47,9.8,1.0,6,9.80,9.80,9.80,9.80,6 7,
2025-12-24,LKB00629I154,TBond,3.73,9.75,4.0,7,9.70,9.70,9.70,9.72,5 50,
2025-12-24,LKB00529J154,TBond,3.81,9.8,1.0,8,9.80,9.80,9.80,9.80,1 00,
2025-12-24,LKB00529L150,TBond,3.98,9.85,15.0,9,9.85,9.84,9.80,9.84,"2 ,700",
2025-12-24,LKB01530E152,TBond,4.39,9.8,1.0,10,9.80,9.80,9.80,9.80,3 00,
2025-12-24,LKB00530G018,TBond,4.52,9.95,10.0,11,9.20,9.88,9.80,9.90,"1 ,850",
2025-12-24,LKB01231C151,TBond,5.22,10.15,1.0,12,10.15,10.15,10.15,10.15,5 0,
2025-12-24,LKB02032J017,TBond,6.77,10.29,2.0,13,10.29,10.29,10.29,10.29,2 00,
2025-12-24,LKB02033K013,TBond,7.85,10.61,3.0,14,10.60,10.60,10.60,10.61,3 00,
2025-12-26,LKA09126C271,Tbill,0.25,7.5,2.0,1,7.20,7.50,7.20,7.30,1 65,
2025-12-26,LKA36426G034,Tbill,0.52,7.86,2.0,2,7.86,7.86,7.86,7.86,2 86,
2025-12-26,LKA36426H073,Tbill,0.61,8.23,2.0,3,8.23,8.15,8.15,8.19,6 00,
2025-12-26,LKB00428B156,TBond,2.14,9.0,2.0,4,9.00,9.00,9.00,9.00,2 00,
2025-12-26,LKB01028C151,TBond,2.22,8.99,1.0,5,8.99,8.99,8.99,8.99,1 00,
2025-12-26,LKB01528E016,TBond,2.35,9.11,12.0,6,7.86,9.11,9.03,9.07,"3 ,000",
2025-12-26,LKB00428J159,TBond,2.8,9.15,2.0,7,9.15,9.15,9.15,9.15,1 50,
2025-12-26,LKB00528L152,TBond,2.97,9.25,1.0,8,9.25,9.25,9.25,9.25,1 90,
2025-12-26,LKB00629I154,TBond,3.72,9.65,1.0,9,9.65,9.65,9.65,9.65,1 00,
2025-12-26,LKB00529J154,TBond,3.8,9.7,2.0,10,9.70,9.65,9.65,9.68,2 00,
2025-12-26,LKB00529L150,TBond,3.97,9.83,9.0,11,9.80,9.70,9.70,9.74,"1 ,000",
2025-12-26,LKB00530G018,TBond,4.51,9.85,7.0,12,9.80,9.75,9.75,9.78,7 00,
2025-12-26,LKB01231C151,TBond,5.22,9.96,4.0,13,9.95,9.96,9.95,9.96,6 00,
2025-12-26,LKB02032J017,TBond,6.77,10.34,10.0,14,10.30,10.34,10.30,10.32,"1 ,360",
2025-12-29,LKA36426B068,Tbill,0.1,8.3,1.0,1,8.30,8.30,8.30,8.30,1 00,
2025-12-29,LKB00527E019,TBond,1.33,8.92,1.0,2,8.92,8.92,8.92,8.92,1 00,
2025-12-29,LKB00527I150,TBond,1.71,8.95,1.0,3,8.95,8.95,8.95,8.95,1 00,
2025-12-29,LKB00428B156,TBond,2.13,9.05,1.0,4,9.05,9.05,9.05,9.05,1 00,
2025-12-29,LKB01528E016,TBond,2.34,9.13,1.0,5,9.13,9.13,9.13,9.13,1 00,
2025-12-29,LKB01528I017,TBond,2.67,9.18,1.0,6,9.18,9.18,9.18,9.18,2 00,
2025-12-29,LKB00529F152,TBond,3.46,9.67,3.0,7,9.65,9.65,9.65,9.66,3 00,
2025-12-29,LKB00529J154,TBond,3.79,9.68,3.0,8,9.68,9.65,9.65,9.66,3 00,
2025-12-29,LKB00529L150,TBond,3.96,9.75,9.0,9,9.70,9.71,9.70,9.74,"1 ,350",
2025-12-29,LKB01530E152,TBond,4.37,9.75,1.0,10,9.75,9.75,9.75,9.75,1 00,
2025-12-29,LKB00530G018,TBond,4.5,9.8,4.0,11,9.75,9.80,9.75,9.78,5 00,
2025-12-29,LKB01231C151,TBond,5.2,10.0,4.0,12,10.00,10.00,10.00,10.00,5 00,
2025-12-29,LKB01032G014,TBond,6.5,10.25,1.0,13,10.25,10.25,10.25,10.25,1 24,
2025-12-30,LKA36426B068,Tbill,0.1,8.0,1.0,1,8.00,8.00,8.00,8.00,1 00,
2025-12-30,LKB01528E016,TBond,2.34,9.13,2.0,2,9.10,9.13,9.10,9.11,6 00,
2025-12-30,LKB01628G019,TBond,2.5,9.14,1.0,3,9.14,9.14,9.14,9.14,1 00,
2025-12-30,LKB00428J159,TBond,2.79,9.2,1.0,4,9.20,9.20,9.20,9.20,1 00,
2025-12-30,LKB00528L152,TBond,2.96,9.24,2.0,5,9.22,9.24,9.22,9.23,2 00,
2025-12-30,LKB00530G018,TBond,4.5,9.9,17.0,6,9.85,9.88,9.80,9.87,"2 ,900",
2025-12-30,LKB01237G019,TBond,11.5,10.92,2.0,7,10.90,10.92,10.90,10.91,1 00,
2025-12-31,LKA18226G030,Tbill,0.5,8.5,15.0,1,8.03,8.50,7.98,8.32,"1 6,547",
2025-12-31,LKA36426H073,Tbill,0.6,8.25,1.0,2,8.25,8.25,8.25,8.25,700,
2025-12-31,LKA36427A019,Tbill,1.0,8.5,13.0,3,8.05,8.50,8.35,8.47,"8 ,250",
2025-12-31,LKB00529L150,TBond,3.96,9.75,1.0,4,9.75,9.75,9.75,9.75,100,
2025-12-31,LKB00530G018,TBond,4.5,9.83,2.0,5,9.83,9.83,9.81,9.82,701,
2025-12-31,LKB02032J017,TBond,6.75,10.35,2.0,6,10.35,10.33,10.33,10.34,100,
2026-01-01,LKA36426A169,Tbill,0.04,7.82,1.0,1,7.82,7.82,7.82,7.82,3 00,
2026-01-01,LKA36426A300,Tbill,0.08,7.87,2.0,2,7.85,7.87,7.85,7.86,"1 ,650",
2026-01-01,LKA18226F123,Tbill,0.44,7.65,1.0,3,7.65,7.65,7.65,7.65,1 17,
2026-01-01,LKA36426F127,Tbill,0.44,7.65,2.0,4,7.65,7.65,7.65,7.65,1 98,
2026-01-01,LKA36426F192,Tbill,0.46,8.35,1.0,5,8.35,8.35,8.35,8.35,6 3,
2026-01-01,LKA18226G030,Tbill,0.5,8.42,5.0,6,8.42,8.42,8.42,8.42,"3 ,600",
2026-01-01,LKA36426G109,Tbill,0.52,8.42,1.0,7,8.42,8.42,8.42,8.42,3 00,
2026-01-01,LKB00527E019,TBond,1.33,8.9,5.0,8,8.90,8.88,8.88,8.89,"2 ,850",
2026-01-01,LKB01528E016,TBond,2.33,9.2,5.0,9,9.18,9.15,9.15,9.16,4 00,
2026-01-01,LKB01628G019,TBond,2.49,9.25,2.0,10,9.20,9.25,9.20,9.23,2 00,
2026-01-01,LKB01528I017,TBond,2.67,9.2,1.0,11,9.20,9.20,9.20,9.20,1 00,
2026-01-01,LKB00629I154,TBond,3.7,9.75,1.0,12,9.75,9.75,9.75,9.75,1 00,
2026-01-01,LKB00529J154,TBond,3.78,9.75,2.0,13,9.75,9.75,9.75,9.75,2 00,
2026-01-01,LKB00529L150,TBond,3.95,9.86,5.0,14,9.85,9.78,9.78,9.81,"1 ,225",
2026-01-01,LKB01530E152,TBond,4.37,9.8,1.0,15,9.80,9.80,9.80,9.80,6 50,
2026-01-01,LKB00530G018,TBond,4.49,9.87,9.0,16,9.87,9.85,9.80,9.83,"1 ,050",
2026-01-01,LKB01231C151,TBond,5.2,10.0,1.0,17,10.00,10.00,10.00,10.00,1 00,
2026-01-01,LKB02032J017,TBond,6.75,10.4,4.0,18,9.20,10.35,10.35,10.38,7 00,
2026-01-01,LKB01237G019,TBond,11.49,10.9,2.0,19,10.85,10.90,10.85,10.88,1 00,
2026-01-02,LKA36426B068,Tbill,0.1,7.9,2.0,1,7.90,7.90,7.90,7.90,"2 ,000",
2026-01-02,LKA36426C066,Tbill,0.17,8.0,2.0,2,8.00,8.00,8.00,8.00,"1 ,200",
2026-01-02,LKA18226G030,Tbill,0.5,8.42,2.0,3,8.42,8.42,8.42,8.42,"1 ,500",
2026-01-02,LKB00527E019,TBond,1.33,8.9,2.0,4,8.90,8.89,8.89,8.89,3 50,
2026-01-02,LKB00527I150,TBond,1.7,8.95,2.0,5,8.42,8.95,8.95,8.95,7 00,
2026-01-02,LKB01028C151,TBond,2.2,9.05,7.0,6,9.05,9.05,9.05,9.05,"4 ,000",
2026-01-02,LKB01628G019,TBond,2.49,9.17,3.0,7,9.17,9.14,9.14,9.16,3 50,
2026-01-02,LKB01528I017,TBond,2.66,9.2,4.0,8,9.20,9.20,9.20,9.20,"1 ,000",
2026-01-02,LKB00528L152,TBond,2.95,9.21,3.0,9,9.21,9.20,9.20,9.21,3 05,
2026-01-02,LKB00529J154,TBond,3.78,9.73,4.0,10,9.73,9.70,9.70,9.71,6 00,
2026-01-02,LKB00529L150,TBond,3.95,9.75,7.0,11,9.75,9.75,9.75,9.75,8 50,
2026-01-02,LKB00530G018,TBond,4.49,9.83,12.0,12,9.82,9.80,9.80,9.81,"1 ,900",
2026-01-02,LKB02033F013,TBond,7.41,10.5,1.0,13,10.50,10.50,10.50,10.50,2 00,
2026-01-02,LKB02033K013,TBond,7.83,10.5,1.0,14,10.50,10.50,10.50,10.50,2 50,
2026-01-02,LKB01035F159,TBond,9.45,10.75,2.0,15,10.75,10.75,10.75,10.75,"1 ,000",
2026-01-05,LKA36426C132,Tbill,0.18,7.98,2.0,1,7.98,7.98,7.98,7.98,"1 ,150",
2026-01-05,LKB01226F014,TBond,0.4,8.45,1.0,2,8.45,8.45,8.45,8.45,"2 ,000",
2026-01-05,LKA18226G030,Tbill,0.49,8.4,3.0,3,8.40,8.40,8.40,8.40,"1 ,300",
2026-01-05,LKA36426G109,Tbill,0.51,8.4,1.0,4,8.40,8.40,8.40,8.40,250,
2026-01-05,LKB00527E019,TBond,1.32,8.95,1.0,5,8.95,8.95,8.95,8.95,250,
2026-01-05,LKB00527I150,TBond,1.69,9.0,2.0,6,9.00,9.00,9.00,9.00,"2 ,000",
2026-01-05,LKB01028C151,TBond,2.19,9.07,3.0,7,9.07,9.07,9.07,9.07,550,
2026-01-05,LKB01528E016,TBond,2.32,9.15,2.0,8,9.13,9.15,9.13,9.15,600,
2026-01-05,LKB01628G019,TBond,2.49,9.25,2.0,9,9.18,9.25,9.18,9.21,275,
2026-01-05,LKB00428J159,TBond,2.78,9.22,8.0,10,9.22,9.20,9.20,9.21,"1 ,050",
2026-01-05,LKB00528L152,TBond,2.94,9.23,1.0,11,9.23,9.23,9.23,9.23,150,
2026-01-05,LKB00529F152,TBond,3.44,9.62,3.0,12,9.60,9.60,9.60,9.61,900,
2026-01-05,LKB00629I154,TBond,3.69,9.7,1.0,13,9.70,9.70,9.70,9.70,250,
2026-01-05,LKB00529L150,TBond,3.94,9.75,4.0,14,9.75,9.74,9.74,9.75,429,
2026-01-05,LKB00530G018,TBond,4.48,9.81,5.0,15,9.80,9.80,9.80,9.80,400,
2026-01-05,LKB00730J158,TBond,4.77,9.9,6.0,16,9.87,9.90,9.87,9.89,700,
2026-01-05,LKB02032J017,TBond,6.74,10.3,2.0,17,10.30,10.30,10.30,10.30,130,
2026-01-05,LKB02033F013,TBond,7.4,10.54,1.0,18,10.54,10.54,10.54,10.54,100,
2026-01-05,LKB02033K013,TBond,7.82,10.55,15.0,19,10.55,10.47,10.47,10.50,"2 ,225",
2026-01-06,LKA36426B068,Tbill,0.08,7.82,1.0,1,7.82,7.82,7.82,7.82,"1 ,400",
2026-01-06,LKA09126D030,Tbill,0.24,7.9,1.0,2,7.90,7.90,7.90,7.90,1 50,
2026-01-06,LKB00326L151,TBond,0.94,8.6,1.0,3,8.60,8.60,8.60,8.60,3 00,
2026-01-06,LKB00527E019,TBond,1.31,8.95,2.0,4,8.95,8.95,8.95,8.95,"1 ,100",
2026-01-06,LKB01028C151,TBond,2.19,9.15,9.0,5,9.12,9.15,9.12,9.13,"1 ,950",
2026-01-06,LKB01528E016,TBond,2.32,9.2,6.0,6,9.14,9.20,9.14,9.19,"1 ,050",
2026-01-06,LKB01628G019,TBond,2.48,9.22,1.0,7,9.22,9.22,9.22,9.22,1 00,
2026-01-06,LKB00428J159,TBond,2.77,9.26,1.0,8,9.26,9.26,9.26,9.26,1 00,
2026-01-06,LKB00529L150,TBond,3.94,9.73,6.0,9,9.72,9.72,9.72,9.72,8 50,
2026-01-06,LKB01530E152,TBond,4.35,9.76,1.0,10,9.76,9.76,9.76,9.76,1 00,
2026-01-06,LKB00530G018,TBond,4.48,9.8,4.0,11,9.80,9.78,9.78,9.78,7 50,
2026-01-06,LKB00730J158,TBond,4.77,9.85,1.0,12,9.85,9.85,9.85,9.85,1 50,
2026-01-06,LKB02032J017,TBond,6.74,10.35,3.0,13,10.35,10.35,10.35,10.35,5 00,
2026-01-06,LKB01534I155,TBond,8.69,10.72,2.0,14,10.70,10.72,10.70,10.71,1 00,
2026-01-06,LKB01035F159,TBond,9.44,10.76,3.0,15,10.75,10.76,10.75,10.76,9 00,
2026-01-07,LKA36426B068,Tbill,0.08,7.8,1.0,1,7.80,7.80,7.80,7.80,9 86,
2026-01-07,LKA36426B209,Tbill,0.12,7.8,1.0,2,7.80,7.80,7.80,7.80,3 17,
2026-01-07,LKA09126D105,Tbill,0.25,8.0,9.0,3,7.80,8.00,7.80,7.85,"5 ,760",
2026-01-07,LKA18226G105,Tbill,0.5,8.5,37.0,4,8.38,8.45,8.38,8.45,"5 2,592",
2026-01-07,LKA36427A084,Tbill,1.0,8.5,6.0,5,8.50,8.50,8.49,8.50,"3 ,077",
2026-01-07,LKB01028C151,TBond,2.18,9.16,4.0,6,9.15,9.15,9.15,9.15,9 00,
2026-01-07,LKB01528E016,TBond,2.31,9.2,4.0,7,9.20,9.18,9.18,9.18,7 00,
2026-01-07,LKB01628G019,TBond,2.48,9.22,4.0,8,9.22,9.20,9.20,9.20,6 00,
2026-01-07,LKB00428J159,TBond,2.77,9.26,3.0,9,9.26,9.26,9.26,9.26,8 50,
2026-01-07,LKB00528L152,TBond,2.93,9.25,1.0,10,9.25,9.25,9.25,9.25,1 00,
2026-01-07,LKB00529F152,TBond,3.43,9.58,3.0,11,9.55,9.58,9.55,9.56,5 50,
2026-01-07,LKB00629I154,TBond,3.69,9.68,3.0,12,9.67,9.68,9.65,9.67,7 50,
2026-01-07,LKB00529J154,TBond,3.77,9.68,1.0,13,9.68,9.68,9.68,9.68,1 00,
2026-01-07,LKB00529L150,TBond,3.93,9.71,11.0,14,9.71,9.65,9.65,9.69,"1 ,900",
2026-01-07,LKB01530E152,TBond,4.35,9.8,2.0,15,9.75,9.80,9.75,9.79,3 50,
2026-01-07,LKB00530G018,TBond,4.48,9.78,6.0,16,9.78,9.77,9.75,9.76,"1 ,450",
2026-01-07,LKB01231C151,TBond,5.18,9.95,1.0,17,9.95,9.95,9.95,9.95,1 00,
2026-01-07,LKB02032J017,TBond,6.73,10.35,3.0,18,10.35,10.35,10.35,10.35,"2 ,750",
2026-01-07,LKB00832L158,TBond,6.93,10.45,5.0,19,10.35,10.45,10.33,10.34,"3 ,030",
2026-01-08,LKA36426B274,Tbill,0.14,7.82,1.0,1,7.82,7.82,7.82,7.82,3 49,
2026-01-08,LKA36426C066,Tbill,0.16,7.9,1.0,2,7.90,7.90,7.90,7.90,1 34,
2026-01-08,LKA36426D031,Tbill,0.23,8.05,2.0,3,8.05,7.90,7.90,7.98,2 25,
2026-01-08,LKA09126D105,Tbill,0.25,8.0,4.0,4,8.00,7.88,7.75,7.88,7 58,
2026-01-08,LKA18226G105,Tbill,0.5,8.5,22.0,5,8.47,8.38,8.20,8.38,"1 4,008",
2026-01-08,LKB00326L151,TBond,0.93,8.5,2.0,6,8.50,8.50,8.50,8.50,"3 ,000",
2026-01-08,LKA36427A084,Tbill,1.0,8.46,2.0,7,8.46,8.46,8.46,8.46,"2 ,000",
2026-01-08,LKB00527E019,TBond,1.31,9.0,5.0,8,8.95,8.95,8.95,8.97,"2 ,100",
2026-01-08,LKB01028C151,TBond,2.18,9.1,1.0,9,9.10,9.10,9.10,9.10,1 00,
2026-01-08,LKB01528E016,TBond,2.31,9.4,3.0,10,9.15,9.12,9.12,9.16,6 50,
2026-01-08,LKB01628G019,TBond,2.48,9.21,4.0,11,9.21,9.15,9.15,9.19,6 50,
2026-01-08,LKB00428J159,TBond,2.77,9.2,1.0,12,9.20,9.20,9.20,9.20,1 00,
2026-01-08,LKB00528L152,TBond,2.93,9.25,1.0,13,9.25,9.25,9.25,9.25,1 00,
2026-01-08,LKB00529F152,TBond,3.43,9.6,10.0,14,9.60,9.50,9.50,9.54,"1 ,900",
2026-01-08,LKB00629I154,TBond,3.69,9.68,15.0,15,9.68,9.60,9.55,9.60,"3 ,150",
2026-01-08,LKB00529J154,TBond,3.77,9.65,5.0,16,9.65,9.63,9.60,9.64,"1 ,050",
2026-01-08,LKB00529L150,TBond,3.93,9.7,17.0,17,9.70,9.64,9.60,9.67,"3 ,150",
2026-01-08,LKB01530E152,TBond,4.35,9.75,5.0,18,8.50,9.70,9.70,9.74,"1 ,400",
2026-01-08,LKB00530G018,TBond,4.48,9.75,8.0,19,9.70,9.73,9.70,9.73,"2 ,650",
2026-01-08,LKB01231C151,TBond,5.18,9.91,5.0,20,9.70,9.91,9.88,9.90,"1 ,100",
2026-01-08,LKB02032J017,TBond,6.73,10.35,7.0,21,10.35,10.30,10.30,10.31,"1 ,800",
2026-01-08,LKB00832L158,TBond,6.93,10.33,2.0,22,10.30,10.33,10.30,10.31,3 00,
2026-01-08,LKB02033F013,TBond,7.39,10.5,1.0,23,10.50,10.50,10.50,10.50,5 0,
2026-01-09,LKA09126D030,Tbill,0.23,7.6,1.0,1,7.60,7.60,7.60,7.60,130,
2026-01-09,LKA36426D031,Tbill,0.23,7.8,1.0,2,7.80,7.80,7.80,7.80,50,
2026-01-09,LKA09126D105,Tbill,0.25,7.85,1.0,3,7.85,7.85,7.85,7.85,62,
2026-01-09,LKA18226G105,Tbill,0.5,8.34,2.0,4,8.34,8.34,8.34,8.34,500,
2026-01-09,LKA36427A019,Tbill,0.98,8.35,2.0,5,8.35,8.25,8.25,8.30,143,
2026-01-09,LKB00527E019,TBond,1.31,8.91,1.0,6,8.91,8.91,8.91,8.91,100,
2026-01-09,LKB00527I150,TBond,1.68,9.03,2.0,7,9.03,9.03,9.00,9.01,860,
2026-01-09,LKB01628G019,TBond,2.48,9.2,3.0,8,9.15,9.17,9.15,9.18,500,
2026-01-09,LKB01528I017,TBond,2.64,9.2,1.0,9,9.20,9.20,9.20,9.20,100,
2026-01-09,LKB00428J159,TBond,2.77,9.21,2.0,10,9.20,9.21,9.20,9.21,200,
2026-01-09,LKB00529F152,TBond,3.43,9.53,1.0,11,9.53,9.53,9.53,9.53,100,
2026-01-09,LKB00529L150,TBond,3.93,9.66,1.0,12,9.66,9.66,9.66,9.66,100,
2026-01-09,LKB00530G018,TBond,4.47,9.73,5.0,13,9.72,9.73,9.72,9.73,600,
2026-01-09,LKB01031L016,TBond,5.89,10.0,1.0,14,10.00,10.00,10.00,10.00,100,
2026-01-09,LKB02033K013,TBond,7.81,10.58,4.0,15,10.55,10.58,10.54,10.56,"1 ,260",
2026-01-12,LKA36426C132,Tbill,0.16,7.8,2.0,1,7.80,7.80,7.80,7.80,"3 ,000",
2026-01-12,LKA36426C207,Tbill,0.18,7.87,1.0,2,7.80,7.80,7.87,7.87,"1 ,000",
2026-01-12,LKB01028C151,TBond,2.17,9.18,4.0,3,9.09,9.18,9.09,9.14,"3 ,700",
2026-01-12,LKB01528I017,TBond,2.63,9.22,1.0,4,9.22,9.22,9.22,9.22,1 00,
2026-01-12,LKB01529E014,TBond,3.3,9.71,2.0,5,9.70,9.71,9.70,9.71,4 00,
2026-01-12,LKB00729G156,TBond,3.5,9.65,2.0,6,9.63,9.63,9.63,9.64,2 00,
2026-01-12,LKB00629I154,TBond,3.67,9.61,1.0,7,9.61,9.61,9.61,9.61,1 00,
2026-01-12,LKB00529J154,TBond,3.75,9.63,1.0,8,9.63,9.63,9.63,9.63,2 50,
2026-01-12,LKB00529L150,TBond,3.92,9.7,4.0,9,9.62,9.70,9.62,9.65,5 50,
2026-01-12,LKB00530C017,TBond,4.13,9.8,56.0,10,9.77,9.78,9.65,9.74,"2 3,921",
2026-01-12,LKB01530E152,TBond,4.33,9.8,2.0,11,9.75,9.80,9.75,9.78,4 00,
2026-01-12,LKB02033F013,TBond,7.38,10.78,55.0,12,9.80,10.59,10.53,10.65,"1 2,520",
2026-01-12,LKB01035F159,TBond,9.42,11.4,112.0,13,11.20,11.22,10.75,11.01,"2 3,280",
2026-01-12,LKB02039H156,TBond,13.59,11.15,57.0,14,11.25,11.08,10.96,11.06,"1 4,632",
2026-01-13,LKA18226B064,Tbill,0.07,7.87,4.0,1,7.87,7.82,7.82,7.85,"2 ,000",
2026-01-13,LKA09126D170,Tbill,0.26,7.98,3.0,2,7.96,7.80,7.80,7.97,"3 ,883",
2026-01-13,LKA18226G170,Tbill,0.51,8.48,11.0,3,8.45,8.48,8.40,8.44,"6 ,438",
2026-01-13,LKB00527E019,TBond,1.3,9.05,1.0,4,9.05,9.05,9.05,9.05,100,
2026-01-13,LKB00527I150,TBond,1.67,9.0,1.0,5,9.00,9.00,9.00,9.00,100,
2026-01-13,LKB00428B156,TBond,2.09,9.25,2.0,6,9.25,9.20,9.20,9.23,200,
2026-01-13,LKB01628G019,TBond,2.46,9.4,6.0,7,9.35,9.32,9.30,9.37,900,
2026-01-13,LKB00428J159,TBond,2.75,9.42,3.0,8,9.28,9.42,9.28,9.36,350,
2026-01-13,LKB00528L152,TBond,2.92,9.4,9.0,9,9.32,9.40,9.32,9.38,"1 ,000",
2026-01-13,LKB00529F152,TBond,3.42,9.65,2.0,10,9.65,9.60,9.60,9.63,200,
2026-01-13,LKB00529L150,TBond,3.92,9.85,7.0,11,9.70,9.75,9.70,9.78,"1 ,300",
2026-01-13,LKB00730J158,TBond,4.75,9.95,2.0,12,9.95,9.95,9.95,9.95,250,
2026-01-13,LKB01231C151,TBond,5.17,10.24,4.0,13,10.20,10.24,10.20,10.22,361,
2026-01-13,LKB02033F013,TBond,7.38,10.74,1.0,14,10.74,10.74,10.74,10.74,200,
2026-01-13,LKB01035F159,TBond,9.42,11.2,5.0,15,11.13,11.20,11.03,11.12,750,
2026-01-13,LKB02039H156,TBond,13.59,11.08,1.0,16,11.08,11.08,11.08,11.08,500,
2026-01-14,LKA36426C132,Tbill,0.16,7.85,2.0,1,7.85,7.85,7.85,7.85,"2 ,500",
2026-01-14,LKA36426C207,Tbill,0.18,7.87,1.0,2,7.87,7.87,7.87,7.87,"1 ,000",
2026-01-14,LKA09126D170,Tbill,0.25,7.95,2.0,3,7.95,7.95,7.95,7.95,"1 ,219",
2026-01-14,LKB00426E154,TBond,0.33,8.42,4.0,4,8.42,8.40,8.40,8.40,"4 ,500",
2026-01-14,LKB01226F014,TBond,0.38,8.42,2.0,5,8.42,8.40,8.40,8.42,6 00,
2026-01-14,LKA18226G105,Tbill,0.48,8.4,3.0,6,8.39,8.40,8.39,8.40,9 99,
2026-01-14,LKA18226G170,Tbill,0.5,8.38,2.0,7,8.38,8.00,8.00,8.23,8 24,
2026-01-14,LKA36427A159,Tbill,1.0,8.48,1.0,8,8.48,8.48,8.48,8.48,"4 ,002",
2026-01-14,LKB00527E019,TBond,1.29,9.05,1.0,9,9.05,9.05,9.05,9.05,1 00,
2026-01-14,LKB01028C151,TBond,2.17,9.15,5.0,10,9.10,9.15,9.10,9.14,"2 ,000",
2026-01-14,LKB01528E016,TBond,2.29,9.2,1.0,11,9.20,9.20,9.20,9.20,6 50,
2026-01-14,LKB01628G019,TBond,2.46,9.28,4.0,12,9.28,9.22,9.22,9.25,"1 ,091",
2026-01-14,LKB00428J159,TBond,2.75,9.35,3.0,13,9.35,9.25,9.25,9.28,3 00,
2026-01-14,LKB00528L152,TBond,2.92,9.35,5.0,14,9.20,9.30,9.30,9.33,"2 ,300",
2026-01-14,LKB00529F152,TBond,3.42,9.65,3.0,15,9.65,9.65,9.65,9.65,"2 ,250",
2026-01-14,LKB00629I154,TBond,3.67,9.7,3.0,16,9.70,9.70,9.70,9.70,"2 ,250",
2026-01-14,LKB00529J154,TBond,3.75,9.72,11.0,17,9.70,9.72,9.70,9.70,"3 ,950",
2026-01-14,LKB00529L150,TBond,3.92,9.75,4.0,18,9.75,9.71,9.71,9.73,7 00,
2026-01-14,LKB00530C017,TBond,4.13,9.75,6.0,19,9.72,9.75,9.68,9.70,"1 ,360",
2026-01-14,LKB01231C151,TBond,5.16,10.15,2.0,20,10.15,10.15,10.15,10.15,2 00,
2026-01-14,LKB02032J017,TBond,6.71,10.55,1.0,21,10.55,10.55,10.55,10.55,1 25,
2026-01-14,LKB01533A154,TBond,7.0,10.77,1.0,22,10.77,10.77,10.77,10.77,2 50,
2026-01-14,LKB02033F013,TBond,7.38,10.55,6.0,23,10.50,10.50,10.50,10.53,"1 ,125",
2026-01-14,LKB01035F159,TBond,9.42,11.25,22.0,24,10.80,11.17,10.80,11.20,"9 ,361",
2026-01-14,LKB02039H156,TBond,13.58,11.07,5.0,25,11.03,11.03,11.03,11.05,"1 ,259",
2026-01-16,LKA36426C066,Tbill,0.13,8.0,1.0,1,8.00,8.00,8.00,8.00,50,
2026-01-16,LKA09126D170,Tbill,0.25,7.92,1.0,2,7.92,7.92,7.92,7.92,55,
2026-01-16,LKA18226G170,Tbill,0.5,8.38,2.0,3,8.38,8.38,8.38,8.38,350,
2026-01-16,LKB00527E019,TBond,1.29,9.0,1.0,4,9.00,9.00,9.00,9.00,225,
2026-01-16,LKB00529F152,TBond,3.41,9.65,4.0,5,9.65,9.62,9.62,9.65,"2 ,900",
2026-01-16,LKB00629I154,TBond,3.66,9.7,3.0,6,9.70,9.70,9.70,9.70,"3 ,000",
2026-01-16,LKB01530E152,TBond,4.33,9.79,2.0,7,9.79,9.79,9.79,9.79,400,
2026-01-16,LKB01231C151,TBond,5.16,10.1,2.0,8,10.10,10.10,10.10,10.10,500,
2026-01-16,LKB02032A016,TBond,5.96,10.6,1.0,9,10.60,10.60,10.60,10.60,50,
2026-01-16,LKB01032G014,TBond,6.46,10.75,1.0,10,10.75,10.75,10.75,10.75,250,
2026-01-16,LKB01035F159,TBond,9.41,11.25,20.0,11,11.20,11.15,11.10,11.18,"1 0,050",
2026-01-19,LKA36426C066,Tbill,0.13,8.0,1.0,1,8.00,8.00,8.00,8.00,5 0,
2026-01-19,LKB00426E154,TBond,0.32,8.4,1.0,2,8.40,8.40,8.40,8.40,"1 ,000",
2026-01-19,LKA36426G174,Tbill,0.49,8.38,2.0,3,8.38,8.38,8.38,8.38,3 00,
2026-01-19,LKB00527E019,TBond,1.28,9.05,2.0,4,9.05,9.00,9.00,9.03,3 00,
2026-01-19,LKB00628A153,TBond,1.99,9.15,2.0,5,9.15,9.10,9.10,9.13,4 00,
2026-01-19,LKB01028C151,TBond,2.15,9.1,1.0,6,9.10,9.10,9.10,9.10,1 00,
2026-01-19,LKB01528E016,TBond,2.28,9.15,1.0,7,9.15,9.15,9.15,9.15,1 00,
2026-01-19,LKB01628G019,TBond,2.45,9.15,2.0,8,9.15,9.10,9.10,9.12,2 50,
2026-01-19,LKB00529F152,TBond,3.4,9.6,2.0,9,9.60,9.60,9.60,9.60,6 00,
2026-01-19,LKB00629I154,TBond,3.66,9.68,7.0,10,9.65,9.67,9.65,9.66,7 00,
2026-01-19,LKB00529J154,TBond,3.74,9.65,2.0,11,9.65,9.65,9.65,9.65,6 00,
2026-01-19,LKB00529L150,TBond,3.9,9.68,2.0,12,9.68,9.67,9.67,9.68,2 00,
2026-01-19,LKB00530C017,TBond,4.11,9.76,3.0,13,9.75,9.76,9.75,9.75,2 50,
2026-01-19,LKB01231C151,TBond,5.15,10.1,1.0,14,10.10,10.10,10.10,10.10,1 00,
2026-01-19,LKB01031L016,TBond,5.86,10.2,2.0,15,10.20,10.20,10.20,10.20,1 50,
2026-01-19,LKB02033F013,TBond,7.36,10.75,3.0,16,10.75,10.73,10.73,10.74,4 50,
2026-01-19,LKB01035F159,TBond,9.4,11.15,2.0,17,11.15,11.10,11.10,11.13,2 00,
2026-01-20,LKB00426E154,TBond,0.31,8.35,6.0,1,8.35,8.30,8.30,8.33,"6,000",
2026-01-20,LKB00527E019,TBond,1.28,8.95,1.0,2,8.95,8.95,8.95,8.95,100,
2026-01-20,LKB01528I017,TBond,2.61,9.18,1.0,3,9.18,9.18,9.18,9.18,100,
2026-01-20,LKB00428J159,TBond,2.74,9.2,4.0,4,9.20,9.20,9.20,9.20,550,
2026-01-20,LKB00528L152,TBond,2.9,9.22,2.0,5,9.20,9.22,9.20,9.21,550,
2026-01-20,LKB00629I154,TBond,3.65,9.64,1.0,6,9.64,9.64,9.64,9.64,100,
2026-01-20,LKB00529L150,TBond,3.9,9.75,3.0,7,9.75,9.67,9.67,9.69,250,
2026-01-20,LKB00530C017,TBond,4.11,9.75,7.0,8,9.75,9.72,9.72,9.73,"1,350",
2026-01-20,LKB01231C151,TBond,5.15,10.1,10.0,9,10.10,10.00,10.00,10.02,"1,800",
2026-01-20,LKB01031L016,TBond,5.86,10.1,1.0,10,10.10,10.10,10.10,10.10,100,
2026-01-20,LKB02033F013,TBond,7.36,10.72,5.0,11,10.72,10.72,10.71,10.72,500,
2026-01-20,LKB01035F159,TBond,9.4,11.1,6.0,12,11.10,11.08,11.08,11.08,"2,050",
2026-01-20,LKB02039H156,TBond,13.57,11.05,1.0,13,11.05,11.05,11.05,11.05,500,
2026-01-21,LKA09126D246,Tbill,0.25,7.95,16.0,1,7.90,7.92,7.85,7.92,"1 6,583",
2026-01-21,LKA18226G246,Tbill,0.5,8.4,21.0,2,8.39,8.39,8.32,8.36,"5 0,417",
2026-01-21,LKA36427A225,Tbill,1.0,8.49,12.0,3,8.45,8.47,8.45,8.47,"3 ,475",
2026-01-21,LKB00527E019,TBond,1.27,8.9,2.0,4,8.90,8.90,8.90,8.90,200,
2026-01-21,LKB00527I150,TBond,1.65,8.95,4.0,5,8.95,8.93,8.93,8.94,700,
2026-01-21,LKB00428B156,TBond,2.07,9.05,1.0,6,9.05,9.05,9.05,9.05,100,
2026-01-21,LKB01028C151,TBond,2.15,9.06,1.0,7,9.06,9.06,9.06,9.06,100,
2026-01-21,LKB01528E016,TBond,2.28,9.12,4.0,8,9.11,9.12,9.11,9.12,600,
2026-01-21,LKB01628G019,TBond,2.44,9.13,3.0,9,8.90,9.13,9.11,9.12,700,
2026-01-21,LKB01528I017,TBond,2.61,9.17,1.0,10,9.17,9.17,9.17,9.17,100,
2026-01-21,LKB00428J159,TBond,2.73,9.2,1.0,11,9.20,9.20,9.20,9.20,100,
2026-01-21,LKB00528L152,TBond,2.9,9.2,4.0,12,9.20,9.20,9.20,9.20,550,
2026-01-21,LKB00529F152,TBond,3.4,9.57,3.0,13,9.57,9.57,9.57,9.57,800,
2026-01-21,LKB00529J154,TBond,3.73,9.63,1.0,14,9.63,9.63,9.63,9.63,100,
2026-01-21,LKB00529L150,TBond,3.9,9.65,1.0,15,9.65,9.65,9.65,9.65,100,
2026-01-21,LKB00530C017,TBond,4.11,9.75,8.0,16,9.72,9.71,9.71,9.72,950,
2026-01-21,LKB00730J158,TBond,4.73,9.8,1.0,17,9.80,9.80,9.80,9.80,100,
2026-01-21,LKB01231C151,TBond,5.14,10.0,6.0,18,10.00,10.00,9.98,10.00,500,
2026-01-21,LKB00832L158,TBond,6.9,10.45,1.0,19,10.45,10.45,10.45,10.45,100,
2026-01-21,LKB02033F013,TBond,7.36,10.73,10.0,20,10.70,10.70,10.69,10.71,"1 ,150",
2026-01-21,LKB01035F159,TBond,9.4,11.07,19.0,21,11.05,11.05,11.03,11.05,"4 ,400",
2026-01-22,LKA36426B068,Tbill,0.04,8.0,1.0,1,8.00,8.00,8.00,8.00,1 00,
2026-01-22,LKA18226G170,Tbill,0.48,8.25,1.0,2,8.25,8.25,8.25,8.25,2 50,
2026-01-22,LKA18226G246,Tbill,0.5,8.36,6.0,3,8.25,8.36,8.25,8.36,"8 ,767",
2026-01-22,LKB00428B156,TBond,2.06,9.05,1.0,4,9.05,9.05,9.05,9.05,2 00,
2026-01-22,LKB01028C151,TBond,2.14,9.08,1.0,5,9.08,9.08,9.08,9.08,1 00,
2026-01-22,LKB01528E016,TBond,2.27,9.12,2.0,6,9.11,9.12,9.11,9.12,2 00,
2026-01-22,LKB01628G019,TBond,2.44,9.15,2.0,7,9.15,9.15,9.15,9.15,2 00,
2026-01-22,LKB00529F152,TBond,3.39,9.57,4.0,8,9.55,9.57,9.55,9.56,4 00,
2026-01-22,LKB00629I154,TBond,3.65,9.62,6.0,9,9.60,9.62,9.60,9.61,7 50,
2026-01-22,LKB00529J154,TBond,3.73,9.6,1.0,10,9.60,9.60,9.60,9.60,1 00,
2026-01-22,LKB00529L150,TBond,3.9,9.67,18.0,11,9.60,9.65,9.62,9.65,"2 ,506",
2026-01-22,LKB00530C017,TBond,4.1,9.7,5.0,12,9.70,9.70,9.70,9.70,"1 ,000",
2026-01-22,LKB00530G018,TBond,4.44,9.72,5.0,13,9.72,9.70,9.70,9.70,6 50,
2026-01-22,LKB01231C151,TBond,5.14,10.0,6.0,14,9.95,10.00,9.95,9.97,6 00,
2026-01-22,LKB01031L016,TBond,5.86,10.02,3.0,15,10.00,10.02,10.00,10.01,2 00,
2026-01-22,LKB01032G014,TBond,6.44,10.45,1.0,16,10.45,10.45,10.45,10.45,2 50,
2026-01-22,LKB01035F159,TBond,9.39,11.06,4.0,17,11.05,11.06,11.05,11.05,8 50,
2026-01-22,LKB02039H156,TBond,13.56,11.09,2.0,18,11.08,11.09,11.08,11.09,1 00,
2026-01-23,LKA36426B274,Tbill,0.1,7.77,1.0,1,7.77,7.77,7.77,7.77,"1 ,000",
2026-01-23,LKA18226G246,Tbill,0.5,8.2,3.0,2,8.20,8.00,8.00,8.12,251,
2026-01-23,LKB01026H014,TBond,0.52,8.3,1.0,3,8.30,8.30,8.30,8.30,150,
2026-01-23,LKA36427A225,Tbill,1.0,8.38,1.0,4,8.38,8.38,8.38,8.38,100,
2026-01-23,LKB00527I150,TBond,1.64,8.97,1.0,5,8.97,8.97,8.97,8.97,100,
2026-01-23,LKB01027L154,TBond,1.89,9.0,1.0,6,9.00,9.00,9.00,9.00,100,
2026-01-23,LKB01628G019,TBond,2.44,9.16,3.0,7,9.15,9.16,9.15,9.15,600,
2026-01-23,LKB00428J159,TBond,2.73,9.19,1.0,8,9.19,9.19,9.19,9.19,100,
2026-01-23,LKB00528L152,TBond,2.89,9.2,6.0,9,9.20,9.20,9.19,9.20,800,
2026-01-23,LKB00529J154,TBond,3.73,9.6,2.0,10,9.60,9.60,9.60,9.60,300,
2026-01-23,LKB00529L150,TBond,3.89,9.67,11.0,11,9.62,9.67,9.62,9.65,"1 ,900",
2026-01-23,LKB00530C017,TBond,4.1,9.69,5.0,12,9.68,9.69,9.68,9.69,"1 ,150",
2026-01-23,LKB01530E152,TBond,4.31,9.7,1.0,13,9.70,9.70,9.70,9.70,200,
2026-01-23,LKB00530G018,TBond,4.44,9.7,2.0,14,9.63,9.70,9.70,9.70,350,
2026-01-23,LKB01231C151,TBond,5.14,9.95,2.0,15,9.95,9.95,9.95,9.95,350,
2026-01-23,LKB00931E153,TBond,5.31,10.12,6.0,16,10.10,10.12,10.10,10.11,"2 ,577",
2026-01-23,LKB02032J017,TBond,6.69,10.3,2.0,17,10.27,10.30,10.27,10.29,300,
2026-01-23,LKB00832L158,TBond,6.89,10.31,8.0,18,10.30,10.29,10.27,10.29,"1 ,025",
2026-01-23,LKB02033F013,TBond,7.35,10.65,7.0,19,10.65,10.65,10.65,10.65,"1 ,300",
2026-01-23,LKB01035F159,TBond,9.39,11.01,8.0,20,11.00,10.98,10.98,10.99,"2 ,850",
2026-01-26,LKA09126E012,Tbill,0.25,7.84,3.0,1,7.72,7.84,7.72,7.80,7 81,
2026-01-26,LKA36426E229,Tbill,0.31,7.75,2.0,2,7.65,7.75,7.65,7.67,2 68,
2026-01-26,LKA18226G311,Tbill,0.5,8.26,7.0,3,7.90,8.26,7.90,8.25,"3 ,550",
2026-01-26,LKB00326L151,TBond,0.87,8.35,1.0,4,8.35,8.35,8.35,8.35,5 00,
2026-01-26,LKA36427A290,Tbill,1.0,8.36,3.0,5,8.26,8.25,8.25,8.28,5 54,
2026-01-26,LKB00527E019,TBond,1.25,8.6,2.0,6,8.60,8.60,8.60,8.60,2 00,
2026-01-26,LKB00527I150,TBond,1.62,8.7,3.0,7,8.70,8.70,8.70,8.70,"1 ,000",
2026-01-26,LKB00428B156,TBond,2.04,9.0,2.0,8,9.00,9.00,9.00,9.00,8 50,
2026-01-26,LKB01028C151,TBond,2.12,9.0,4.0,9,9.00,9.00,9.00,9.00,"1 ,985",
2026-01-26,LKB01528E016,TBond,2.25,9.15,9.0,10,9.15,9.10,9.10,9.12,"2 ,385",
2026-01-26,LKB00529J154,TBond,3.71,9.6,1.0,11,9.60,9.60,9.60,9.60,1 00,
2026-01-26,LKB01530E152,TBond,4.29,9.75,1.0,14,9.75,9.75,9.75,9.75,5 0,
2026-01-26,LKB00530G018,TBond,4.42,9.75,5.0,15,9.75,9.72,9.72,9.73,8 00,
2026-01-26,LKB02033F013,TBond,7.33,10.65,1.0,16,10.65,10.65,10.65,10.65,2 00,
2026-01-26,LKB00934F154,TBond,8.37,11.05,48.0,17,9.65,11.02,10.70,10.97,"2 9,912",
2026-01-26,LKB01035F159,TBond,9.37,10.95,3.0,18,10.85,10.90,10.85,10.87,6 50,
2026-01-26,LKB01237G019,TBond,11.42,11.1,23.0,19,11.05,11.08,11.00,11.07,"1 4,650",
2026-01-26,LKB00529L150 LKB00530C017,TBond TBond,,,,12 13,9.65 9.75,9.64 9.68,9.60 9.65,9.62 9.69,"8 50 2 1,432",
2026-01-27,LKA36426D247,Tbill,0.24,7.8,2.0,1,7.80,7.75,7.75,7.78,1 00,
2026-01-27,LKB00426E154,TBond,0.3,8.27,3.0,2,8.27,8.20,8.20,8.25,"3 ,000",
2026-01-27,LKA18226G170,Tbill,0.47,8.26,2.0,3,8.26,8.25,8.25,8.26,5 00,
2026-01-27,LKA18226G246,Tbill,0.49,8.18,2.0,4,8.18,8.10,8.10,8.14,"3 ,200",
2026-01-27,LKB01026H014,TBond,0.51,8.25,4.0,5,8.25,8.25,8.25,8.25,"4 ,500",
2026-01-27,LKA36427A225,Tbill,0.99,8.37,1.0,6,8.37,8.37,8.37,8.37,2 50,
2026-01-27,LKB00527E019,TBond,1.26,8.86,1.0,7,8.86,8.86,8.86,8.86,3 50,
2026-01-27,LKB00428B156,TBond,2.05,9.05,2.0,8,9.05,9.02,9.02,9.04,"1 ,774",
2026-01-27,LKB01028C151,TBond,2.13,9.08,1.0,9,9.08,9.08,9.08,9.08,"1 ,000",
2026-01-27,LKB01528E016,TBond,2.26,9.15,1.0,10,9.15,9.15,9.15,9.15,1 00,
2026-01-27,LKB01628G019,TBond,2.43,9.17,1.0,11,9.17,9.17,9.17,9.17,1 00,
2026-01-27,LKB00530C017,TBond,4.09,9.71,1.0,12,9.71,9.71,9.71,9.71,2 50,
2026-01-27,LKB01231C151,TBond,5.13,10.02,1.0,13,10.02,10.02,10.02,10.02,7 2,
2026-01-28,LKA09126E012,Tbill,0.25,7.87,3.0,1,7.86,7.83,7.83,7.84,"1 ,376",
2026-01-28,LKB00426E154,TBond,0.29,8.21,6.0,2,8.20,8.21,8.20,8.20,"5 ,100",
2026-01-28,LKA18226G246,Tbill,0.48,8.25,2.0,3,8.25,8.25,8.25,8.25,7 08,
2026-01-28,LKA18226G311,Tbill,0.5,8.29,30.0,4,8.24,8.26,8.20,8.26,"2 0,295",
2026-01-28,LKA36426G315,Tbill,0.5,8.28,3.0,5,8.24,8.28,8.24,8.26,"4 ,000",
2026-01-28,LKA36427A290,Tbill,1.0,8.4,3.0,6,8.40,8.40,8.40,8.40,"1 ,094",
2026-01-28,LKB00527E019,TBond,1.25,8.8,4.0,7,8.70,8.62,8.62,8.73,"2 ,750",
2026-01-28,LKB00527I150,TBond,1.63,8.75,4.0,8,8.75,8.70,8.70,8.73,"1 ,763",
2026-01-28,LKB01027L154,TBond,1.88,8.9,1.0,9,8.90,8.90,8.90,8.90,1 50,
2026-01-28,LKB00428B156,TBond,2.05,9.0,4.0,10,9.00,8.99,8.99,9.00,"1 ,100",
2026-01-28,LKB01028C151,TBond,2.13,9.0,10.0,11,9.00,9.00,9.00,9.00,"2 ,700",
2026-01-28,LKB01528E016,TBond,2.26,9.09,3.0,12,9.06,9.09,9.06,9.07,5 00,
2026-01-28,LKB01628G019,TBond,2.42,9.21,15.0,13,9.13,9.21,9.00,9.12,"1 4,750",
2026-01-28,LKB00428J159,TBond,2.71,9.2,3.0,14,9.20,9.20,9.20,9.20,5 00,
2026-01-28,LKB00528L152,TBond,2.88,9.2,2.0,15,9.20,9.20,9.20,9.20,2 00,
2026-01-28,LKB00529F152,TBond,3.38,9.6,2.0,16,9.55,9.60,9.55,9.59,5 00,
2026-01-28,LKB00629I154,TBond,3.63,9.62,1.0,17,9.62,9.62,9.62,9.62,2 50,
2026-01-28,LKB00529J154,TBond,3.71,9.65,5.0,18,9.63,9.65,9.63,9.64,7 50,
2026-01-28,LKB00529L150,TBond,3.88,9.67,1.0,19,9.67,9.67,9.67,9.67,2 50,
2026-01-28,LKB00530C017,TBond,4.09,9.72,4.0,20,9.71,9.71,9.71,9.71,"1 ,100",
2026-01-28,LKB00730J158,TBond,4.71,9.86,4.0,21,9.78,9.86,9.77,9.80,7 00,
2026-01-28,LKB01231C151,TBond,5.13,10.0,1.0,22,10.00,10.00,10.00,10.00,5 0,
2026-01-28,LKB02032J017,TBond,6.67,10.3,1.0,23,10.30,10.30,10.30,10.30,1 00,
2026-01-29,LKA09126E012,Tbill,0.25,7.84,3.0,1,7.72,7.84,7.72,7.80,7 81,
2026-01-29,LKA36426E229,Tbill,0.31,7.75,2.0,2,7.65,7.75,7.65,7.67,2 68,
2026-01-29,LKA18226G311,Tbill,0.5,8.26,7.0,3,7.90,8.26,7.90,8.25,"3 ,550",
2026-01-29,LKB00326L151,TBond,0.87,8.35,1.0,4,8.35,8.35,8.35,8.35,5 00,
2026-01-29,LKA36427A290,Tbill,1.0,8.36,3.0,5,8.26,8.25,8.25,8.28,5 54,
2026-01-29,LKB00527E019,TBond,1.25,8.6,2.0,6,8.60,8.60,8.60,8.60,2 00,
2026-01-29,LKB00527I150,TBond,1.62,8.7,3.0,7,8.70,8.70,8.70,8.70,"1 ,000",
2026-01-29,LKB00428B156,TBond,2.04,9.0,2.0,8,9.00,9.00,9.00,9.00,8 50,
2026-01-29,LKB01028C151,TBond,2.12,9.0,4.0,9,9.00,9.00,9.00,9.00,"1 ,985",
2026-01-29,LKB01528E016,TBond,2.25,9.15,9.0,10,9.15,9.10,9.10,9.12,"2 ,385",
2026-01-29,LKB00529J154,TBond,3.71,9.6,1.0,11,9.60,9.60,9.60,9.60,1 00,
2026-01-29,LKB01530E152,TBond,4.29,9.75,1.0,14,9.75,9.75,9.75,9.75,5 0,
2026-01-29,LKB00530G018,TBond,4.42,9.75,5.0,15,9.75,9.72,9.72,9.73,8 00,
2026-01-29,LKB02033F013,TBond,7.33,10.65,1.0,16,10.65,10.65,10.65,10.65,2 00,
2026-01-29,LKB00934F154,TBond,8.37,11.05,48.0,17,9.65,11.02,10.70,10.97,"2 9,912",
2026-01-29,LKB01035F159,TBond,9.37,10.95,3.0,18,10.85,10.90,10.85,10.87,6 50,
2026-01-29,LKB01237G019,TBond,11.42,11.1,23.0,19,11.05,11.08,11.00,11.07,"1 4,650",
2026-01-29,LKB00529L150 LKB00530C017,TBond TBond,,,,12 13,9.65 9.75,9.64 9.68,9.60 9.65,9.62 9.69,"8 50 2 1,432",
2026-01-30,LKA36426C132,Tbill,0.11,7.7,1.0,1,7.70,7.70,7.70,7.70,"1 ,000",
2026-01-30,LKA09126E012,Tbill,0.25,7.7,1.0,2,7.70,7.70,7.70,7.70,2 50,
2026-01-30,LKA18226G246,Tbill,0.48,8.25,4.0,3,8.20,8.21,8.20,8.23,"1 ,290",
2026-01-30,LKA18226G311,Tbill,0.5,8.25,2.0,4,8.25,8.23,8.23,8.24,7 00,
2026-01-30,LKA36427A225,Tbill,0.98,8.3,1.0,5,8.30,8.30,8.30,8.30,7 70,
2026-01-30,LKA36427A290,Tbill,1.0,8.2,1.0,6,8.20,8.20,8.20,8.20,5 0,
2026-01-30,LKB00527E019,TBond,1.25,8.7,2.0,7,8.70,8.65,8.65,8.68,2 00,
2026-01-30,LKB01028C151,TBond,2.12,9.02,1.0,8,9.02,9.02,9.02,9.02,7 50,
2026-01-30,LKB01528E016,TBond,2.25,9.12,4.0,9,9.10,9.12,9.10,9.12,4 00,
2026-01-30,LKB01628G019,TBond,2.42,9.15,2.0,10,9.15,9.15,9.15,9.15,6 00,
2026-01-30,LKB00528L152,TBond,2.87,9.21,1.0,11,9.21,9.21,9.21,9.21,3 50,
2026-01-30,LKB00529J154,TBond,3.71,9.65,5.0,12,9.10,9.65,9.60,9.64,6 00,
2026-01-30,LKB00529L150,TBond,3.87,9.65,4.0,13,9.63,9.65,9.63,9.65,7 00,
2026-01-30,LKB00530C017,TBond,4.08,9.72,8.0,14,9.70,9.72,9.70,9.72,"5 ,654",
2026-01-30,LKB01530E152,TBond,4.29,9.76,3.0,15,9.74,9.76,9.74,9.75,6 50,
2026-01-30,LKB00530G018,TBond,4.42,9.76,4.0,16,9.73,9.76,9.73,9.74,7 00,
2026-01-30,LKB01231C151,TBond,5.12,9.92,2.0,17,9.92,9.92,9.92,9.92,2 50,
2026-01-30,LKB00931E153,TBond,5.29,10.05,1.0,18,10.05,10.05,10.05,10.05,2 50,
2026-01-30,LKB02032J017,TBond,6.67,10.28,2.0,19,10.28,10.28,10.28,10.28,4 63,
2026-01-30,LKB02033F013,TBond,7.33,10.67,3.0,20,10.65,10.67,10.65,10.65,6 00,
2026-01-30,LKB00934F154,TBond,8.37,11.04,31.0,21,10.80,10.90,10.77,10.85,"3 6,077",
2026-01-30,LKB01035F159,TBond,9.37,10.92,1.0,22,10.92,10.92,10.92,10.92,2 00,
2026-02-02,LKA36426C132,Tbill,0.11,7.7,1.0,1,7.70,7.70,7.70,7.70,"1 ,000",
2026-02-02,LKA36426C207,Tbill,0.13,7.7,2.0,2,7.70,7.70,7.70,7.70,"2 ,000",
2026-02-02,LKA09126D246,Tbill,0.22,7.7,1.0,3,7.70,7.70,7.70,7.70,"2 ,000",
2026-02-02,LKA18226G170,Tbill,0.45,8.2,1.0,4,8.20,8.20,8.20,8.20,250,
2026-02-02,LKA36426G174,Tbill,0.45,8.2,1.0,5,8.20,8.20,8.20,8.20,200,
2026-02-02,LKA18226G311,Tbill,0.49,8.2,5.0,6,8.20,8.20,8.20,8.20,"2 ,250",
2026-02-02,LKB01026H014,TBond,0.49,8.25,1.0,7,8.25,8.25,8.25,8.25,100,
2026-02-02,LKB00326L151,TBond,0.87,8.3,1.0,8,8.30,8.30,8.30,8.30,100,
2026-02-02,LKB00827A151,TBond,0.95,8.41,1.0,9,8.41,8.41,8.41,8.41,150,
2026-02-02,LKB00428B156,TBond,2.03,9.02,1.0,10,9.02,9.02,9.02,9.02,100,
2026-02-02,LKB01028C151,TBond,2.11,9.03,1.0,11,9.03,9.03,9.03,9.03,250,
2026-02-02,LKB01528E016,TBond,2.24,9.12,3.0,12,9.10,9.10,9.10,9.11,800,
2026-02-02,LKB01528I017,TBond,2.58,9.16,1.0,13,9.16,9.16,9.16,9.16,500,
2026-02-02,LKB00428J159,TBond,2.7,9.19,2.0,14,9.18,9.19,9.18,9.18,600,
2026-02-02,LKB00528L152,TBond,2.87,9.2,1.0,15,9.20,9.20,9.20,9.20,250,
2026-02-02,LKB00529F152,TBond,3.36,9.55,6.0,16,9.55,9.53,9.53,9.55,650,
2026-02-02,LKB00629I154,TBond,3.62,9.6,7.0,17,9.60,9.58,9.58,9.59,"1 ,600",
2026-02-02,LKB00529J154,TBond,3.7,9.6,2.0,18,9.60,9.60,9.60,9.60,300,
2026-02-02,LKB00529L150,TBond,3.87,9.6,1.0,19,9.60,9.60,9.60,9.60,150,
2026-02-02,LKB01231C151,TBond,5.11,9.95,1.0,20,9.95,9.95,9.95,9.95,150,
2026-02-03,LKA36426B274,Tbill,0.07,7.1,1.0,1,7.10,7.10,7.10,7.10,8 3,
2026-02-03,LKA09126E087,Tbill,0.26,7.82,11.0,2,7.78,7.79,7.70,7.77,"3 ,002",
2026-02-03,LKA18226G311,Tbill,0.49,8.18,2.0,3,8.18,8.15,8.15,8.17,5 00,
2026-02-03,LKA18226H079,Tbill,0.51,8.19,25.0,4,8.19,8.19,8.15,8.17,"3 4,050",
2026-02-03,LKB00326L151,TBond,0.86,8.15,1.0,5,8.15,8.15,8.15,8.15,6 9,
2026-02-03,LKA36427B058,Tbill,1.0,8.4,24.0,6,8.30,8.40,8.26,8.32,"3 ,900",
2026-02-03,LKB00527E019,TBond,1.24,8.45,2.0,7,8.45,8.45,8.45,8.45,1 25,
2026-02-03,LKB00428B156,TBond,2.03,9.01,3.0,8,9.00,9.00,9.00,9.00,9 00,
2026-02-03,LKB01028C151,TBond,2.11,9.04,3.0,9,9.04,9.02,9.02,9.03,5 00,
2026-02-03,LKB01528E016,TBond,2.24,9.1,3.0,10,9.10,9.10,9.10,9.10,3 50,
2026-02-03,LKB01628G019,TBond,2.41,9.12,4.0,11,9.12,9.12,9.12,9.12,8 00,
2026-02-03,LKB01528I017,TBond,2.58,9.16,1.0,12,9.16,9.16,9.16,9.16,2 50,
2026-02-03,LKB00428J159,TBond,2.7,9.17,1.0,13,9.17,9.17,9.17,9.17,2 50,
2026-02-03,LKB00528L152,TBond,2.86,9.17,2.0,14,9.17,9.17,9.17,9.17,2 50,
2026-02-03,LKB00529F152,TBond,3.36,9.53,4.0,15,9.53,9.50,9.50,9.51,4 00,
2026-02-03,LKB00629I154,TBond,3.61,9.56,2.0,16,9.56,9.56,9.56,9.56,3 50,
2026-02-03,LKB00529J154,TBond,3.7,9.58,1.0,17,9.58,9.58,9.58,9.58,1 00,
2026-02-03,LKB00530C017,TBond,4.07,9.7,2.0,18,9.70,9.70,9.70,9.70,3 50,
2026-02-03,LKB01530E152,TBond,4.28,9.7,1.0,19,9.70,9.70,9.70,9.70,1 00,
2026-02-03,LKB01231C151,TBond,5.11,9.95,2.0,20,9.92,9.95,9.92,9.93,6 00,
2026-02-03,LKB00931E153,TBond,5.28,10.04,1.0,21,10.04,10.04,10.04,10.04,2 50,
2026-02-03,LKB02032J017,TBond,6.66,10.3,1.0,22,10.30,10.30,10.30,10.30,1 00,
2026-02-03,LKB00832L158,TBond,6.86,10.29,1.0,23,10.29,10.29,10.29,10.29,3 00,
2026-02-03,LKB02033F013,TBond,7.32,10.65,16.0,24,10.65,10.60,10.60,10.61,"3 ,750",
2026-02-03,LKB00934F154,TBond,8.36,10.85,12.0,25,10.83,10.85,10.82,10.84,"5 ,150",
2026-02-03,LKB01035F159,TBond,9.36,10.9,2.0,26,10.83,10.90,10.90,10.90,"2 ,150",
2026-02-05,LKA36426C207,Tbill,0.12,7.7,1.0,1,7.70,7.70,7.70,7.70,"1 ,000",
2026-02-05,LKA09126E087,Tbill,0.25,7.8,3.0,2,7.65,7.80,7.65,7.79,"3 ,006",
2026-02-05,LKA18226G311,Tbill,0.48,8.11,2.0,3,8.11,8.10,8.10,8.11,6 00,
2026-02-05,LKA18226H079,Tbill,0.5,8.17,6.0,4,8.14,8.17,8.12,8.15,"3 ,384",
2026-02-05,LKB00527E019,TBond,1.23,8.6,1.0,5,8.60,8.60,8.60,8.60,1 00,
2026-02-05,LKB00527I150,TBond,1.61,8.68,1.0,6,8.68,8.68,8.68,8.68,2 50,
2026-02-05,LKB01028C151,TBond,2.11,9.0,1.0,7,9.00,9.00,9.00,9.00,2 50,
2026-02-05,LKB01528E016,TBond,2.23,9.1,1.0,8,9.10,9.10,9.10,9.10,1 00,
2026-02-05,LKB01628G019,TBond,2.4,9.14,5.0,9,9.13,9.13,9.12,9.13,6 00,
2026-02-05,LKB01529E014,TBond,3.23,9.55,1.0,10,9.55,9.55,9.55,9.55,2 50,
2026-02-05,LKB00629I154,TBond,3.61,9.57,3.0,11,9.57,9.54,9.54,9.55,3 00,
2026-02-05,LKB00529L150,TBond,3.86,9.6,6.0,12,9.57,9.60,9.56,9.57,8 54,
2026-02-05,LKB00530C017,TBond,4.07,9.69,11.0,13,9.68,9.67,9.67,9.68,"2 ,050",
2026-02-05,LKB00530G018,TBond,4.4,9.75,4.0,14,9.75,9.72,9.72,9.74,7 00,
2026-02-05,LKB00730J158,TBond,4.69,9.75,1.0,15,9.75,9.75,9.75,9.75,1 00,
2026-02-05,LKB01231C151,TBond,5.1,9.94,4.0,16,9.94,9.90,9.90,9.92,4 50,
2026-02-05,LKB00931E153,TBond,5.27,10.0,2.0,17,9.99,9.99,9.99,10.00,2 20,
2026-02-05,LKB02032A016,TBond,5.9,10.25,1.0,18,10.25,10.25,10.25,10.25,5 0,
2026-02-05,LKB02032J017,TBond,6.65,10.32,4.0,19,10.32,10.27,10.25,10.28,6 00,
2026-02-05,LKB00832L158,TBond,6.86,10.32,3.0,20,10.28,10.32,10.28,10.29,3 33,
2026-02-05,LKB02033F013,TBond,7.32,10.6,1.0,21,10.60,10.60,10.60,10.60,1 00,
2026-02-05,LKB00934F154,TBond,8.36,10.85,7.0,22,10.84,10.85,10.80,10.82,"1 ,650",
2026-02-05,LKB01035F159,TBond,9.36,10.91,10.0,23,10.90,10.87,10.87,10.90,"2 ,200",
2026-02-06,LKA36426B274,Tbill,0.06,7.15,1.0,1,7.15,7.15,7.15,7.15,5 1,
2026-02-06,LKA09126E012,Tbill,0.23,7.75,1.0,2,7.75,7.75,7.75,7.75,1 50,
2026-02-06,LKA09126E087,Tbill,0.25,7.75,1.0,3,7.75,7.75,7.75,7.75,9 00,
2026-02-06,LKB00426E154,TBond,0.27,8.0,2.0,4,8.00,8.00,8.00,8.00,2 00,
2026-02-06,LKB01226F014,TBond,0.31,8.0,2.0,5,8.00,8.00,8.00,8.00,"1 ,000",
2026-02-06,LKA18226H079,Tbill,0.5,8.19,6.0,6,8.12,8.18,8.12,8.13,"1 ,450",
2026-02-06,LKB00527E019,TBond,1.23,8.56,10.0,7,8.54,8.56,8.50,8.53,"1 ,150",
2026-02-06,LKB00527I150,TBond,1.6,8.65,6.0,8,8.65,8.60,8.60,8.63,7 50,
2026-02-06,LKB00428B156,TBond,2.02,8.97,1.0,9,8.97,8.97,8.97,8.97,1 00,
2026-02-06,LKB01528E016,TBond,2.23,9.06,2.0,10,9.06,9.02,9.02,9.05,1 50,
2026-02-06,LKB01628G019,TBond,2.4,9.1,4.0,11,9.10,9.08,9.08,9.09,4 00,
2026-02-06,LKB01528I017,TBond,2.57,9.13,3.0,12,9.13,9.10,9.10,9.12,3 50,
2026-02-06,LKB00428J159,TBond,2.69,9.15,3.0,13,9.15,9.10,9.10,9.13,3 00,
2026-02-06,LKB01529E014,TBond,3.23,9.5,1.0,14,9.50,9.50,9.50,9.50,2 00,
2026-02-06,LKB00529F152,TBond,3.35,9.47,2.0,15,9.47,9.45,9.45,9.46,2 00,
2026-02-06,LKB00629I154,TBond,3.61,9.5,7.0,16,9.50,9.50,9.50,9.50,"1 ,200",
2026-02-06,LKB00529J154,TBond,3.69,9.55,5.0,17,9.55,9.51,9.50,9.53,7 00,
2026-02-06,LKB00529L150,TBond,3.85,9.56,9.0,18,9.55,9.54,9.51,9.54,"1 ,050",
2026-02-06,LKB00530C017,TBond,4.06,9.65,4.0,19,9.65,9.65,9.65,9.65,4 00,
2026-02-06,LKB00530G018,TBond,4.4,9.7,5.0,20,9.70,9.68,9.68,9.68,5 50,
2026-02-06,LKB01231C151,TBond,5.1,9.9,3.0,21,9.90,9.90,9.88,9.90,4 00,
2026-02-06,LKB02032J017,TBond,6.65,10.25,9.0,22,10.23,10.22,10.20,10.22,"1 ,600",
2026-02-06,LKB00832L158,TBond,6.86,10.25,4.0,23,10.24,10.25,10.20,10.22,9 00,
2026-02-06,LKB02033F013,TBond,7.32,10.55,2.0,24,10.55,10.55,10.55,10.55,2 00,
2026-02-06,LKB02033K013,TBond,7.73,10.6,1.0,25,10.60,10.60,10.60,10.60,1 00,
2026-02-06,LKB00934F154,TBond,8.35,10.8,21.0,26,10.80,10.72,10.69,10.73,"3 ,550",
2026-02-06,LKB01035F159,TBond,9.35,10.85,13.0,27,10.85,10.83,10.80,10.81,"3 ,250",
2026-02-09,LKB01026H014,TBond,0.47,8.12,1.0,1,8.12,8.12,8.12,8.12,1 00,
2026-02-09,LKA18226H079,Tbill,0.49,8.12,1.0,2,8.12,8.12,8.12,8.12,2 50,
2026-02-09,LKA36427A225,Tbill,0.95,8.25,3.0,3,8.25,8.20,8.20,8.22,"1 ,050",
2026-02-09,LKA36427A290,Tbill,0.97,8.22,3.0,4,8.22,8.20,8.20,8.21,"4 ,400",
2026-02-09,LKA36427B058,Tbill,0.99,8.27,6.0,5,8.27,8.20,8.20,8.23,"2 ,150",
2026-02-09,LKB00527I150,TBond,1.6,8.64,2.0,6,8.64,8.60,8.60,8.61,6 00,
2026-02-09,LKB00428B156,TBond,2.02,9.0,1.0,7,9.00,9.00,9.00,9.00,1 00,
2026-02-09,LKB01528E016,TBond,2.22,9.07,9.0,8,9.05,9.07,9.03,9.05,"2 ,600",
2026-02-09,LKB01628G019,TBond,2.39,9.07,5.0,9,9.07,9.06,9.06,9.07,7 00,
2026-02-09,LKB00428J159,TBond,2.68,9.17,5.0,10,9.14,9.14,9.14,9.16,"2 ,800",
2026-02-09,LKB00629I154,TBond,3.6,9.48,1.0,11,9.48,9.48,9.48,9.48,1 00,
2026-02-09,LKB00529L150,TBond,3.85,9.55,4.0,12,9.54,9.55,9.54,9.54,5 50,
2026-02-09,LKB00530C017,TBond,4.05,9.68,3.0,13,9.65,9.68,9.65,9.66,2 00,
2026-02-09,LKB00530G018,TBond,4.39,9.68,9.0,14,9.68,9.68,9.66,9.67,"2 ,971",
2026-02-09,LKB01231C151,TBond,5.09,9.88,1.0,15,9.88,9.88,9.88,9.88,3 00,
2026-02-09,LKB00832L158,TBond,6.85,10.18,1.0,16,10.18,10.18,10.18,10.18,5 00,
2026-02-09,LKB02033F013,TBond 10.50,7.31,10.5,2.0,17,,10.50,10.50,10.50,5 00,
2026-02-09,LKB00934F154,TBond,8.34,10.7,2.0,18,10.70,10.67,10.67,10.68,6 50,
2026-02-09,LKB01035F159,TBond,9.34,10.83,14.0,19,9.54,10.81,10.77,10.80,"4 ,200",
2026-02-09,LKB01237G019,TBond,11.39,10.98,6.0,20,10.97,10.98,10.97,10.97,"1 ,300",
2026-02-09,LKB02039H156,TBond,13.51,11.03,4.0,21,11.02 11.03,,11.02,11.02,8 50,
2026-02-10,LKA09126E087,Tbill,0.24,7.2,1.0,1,7.20,7.20,7.20,7.20,"2,900",
2026-02-10,LKA18226G170,Tbill,0.43,8.11,1.0,2,8.11,8.11,8.11,8.11,200,
2026-02-10,LKB01026H014,TBond,0.47,8.1,1.0,3,8.10,8.10,8.10,8.10,100,
2026-02-10,LKB00527E019,TBond,1.22,8.5,1.0,4,8.50,8.50,8.50,8.50,250,
2026-02-10,LKB00428B156,TBond,2.01,8.98,3.0,5,8.96,8.95,8.95,8.97,450,
2026-02-10,LKB01028C151,TBond,2.09,8.98,2.0,6,8.98,8.96,8.98,8.98,250,
2026-02-10,LKB01528E016,TBond,2.22,9.01,3.0,7,9.00,9.00,9.00,9.00,808,
2026-02-10,LKB01628G019,TBond,2.39,9.04,1.0,8,9.04,9.04,9.04,9.04,100,
2026-02-10,LKB00428J159,TBond,2.68,9.1,6.0,9,9.10,9.08,9.07,9.09,"2,125",
2026-02-10,LKB00528L152,TBond,2.84,9.12,1.0,10,9.12,9.12,9.12,9.12,50,
2026-02-10,LKB00529F152,TBond,3.34,9.45,3.0,11,9.42,9.45,9.42,9.43,400,
2026-02-10,LKB00529J154,TBond,3.68,9.5,2.0,12,9.50,9.50,9.50,9.50,200,
2026-02-10,LKB00530C017,TBond,4.05,9.65,8.0,13,9.64,9.60,9.60,9.62,"1,500",
2026-02-10,LKB00530G018,TBond,4.39,9.65,1.0,14,9.65,9.65,9.65,9.65,100,
2026-02-10,LKB01231C151,TBond,5.09,9.85,7.0,15,9.85,9.80,9.80,9.82,800,
2026-02-10,LKB02032J017,TBond,6.64,10.17,2.0,16,10.15,10.17,10.15,10.16,850,
2026-02-10,LKB01533A154,TBond,6.93,10.4,1.0,17,10.40,10.40,10.40,10.40,250,
2026-02-10,LKB02033F013,TBond,7.3,10.5,2.0,18,10.50,10.50,10.50,10.50,150,
2026-02-10,LKB00934F154,TBond,8.34,10.66,4.0,19,10.65,10.65,10.65,10.65,800,
2026-02-10,LKB01035F159,TBond,9.34,10.76,7.0,20,10.75,10.72,10.72,10.75,"2,250",
2026-02-10,LKB01237G019,TBond,11.39,10.96,3.0,21,10.95,10.96,10.95,10.95,850,
2026-02-11,LKA36426E229,Tbill,0.27,7.65,1.0,1,7.65,7.65,7.65,7.65,500,
2026-02-11,LKA36426G174,Tbill,0.43,8.0,1.0,2,8.00,8.00,8.00,8.00,"1 ,000",
2026-02-11,LKA18226H145,Tbill,0.5,8.08,6.0,3,8.07,8.07,8.05,8.07,"7 ,810",
2026-02-11,LKA36427A225,Tbill,0.94,8.2,1.0,4,8.20,8.20,8.20,8.20,100,
2026-02-11,LKA36427B124,Tbill,1.0,8.35,19.0,5,8.32,8.30,8.24,8.30,"1 0,188",
2026-02-11,LKB00527E019,TBond,1.22,8.47,5.0,6,8.47,8.40,8.40,8.40,"2 ,550",
2026-02-11,LKB01628G019,TBond,2.38,9.0,1.0,7,9.00,9.00,9.00,9.00,100,
2026-02-11,LKB01528I017,TBond,2.55,9.05,1.0,8,9.05,9.05,9.05,9.05,100,
2026-02-11,LKB00428J159,TBond,2.67,9.06,3.0,9,9.06,9.05,9.05,9.06,"1 ,300",
2026-02-11,LKB00529F152,TBond,3.34,9.4,13.0,10,9.40,9.35,9.35,9.36,"1 ,600",
2026-02-11,LKB00729G156,TBond,3.42,9.45,2.0,11,9.45,9.40,9.40,9.43,750,
2026-02-11,LKB00629I154,TBond,3.59,9.46,2.0,12,9.45,9.46,9.45,9.46,200,
2026-02-11,LKB00529J154,TBond,3.67,9.48,4.0,13,9.47,9.48,9.46,9.47,700,
2026-02-11,LKB00529L150,TBond,3.84,9.51,6.0,14,9.51,9.48,9.48,9.50,800,
2026-02-11,LKB00530C017,TBond,4.05,9.6,6.0,15,9.60,9.60,9.60,9.60,"1 ,000",
2026-02-11,LKB01530E152,TBond,4.25,9.62,2.0,16,9.62,9.61,9.61,9.62,200,
2026-02-11,LKB00530G018,TBond,4.38,9.65,7.0,17,9.65,9.62,9.62,9.63,"1 ,311",
2026-02-11,LKB00730J158,TBond,4.67,9.65,3.0,18,9.65,9.62,9.62,9.63,450,
2026-02-11,LKB01231C151,TBond,5.09,9.8,2.0,19,9.80,9.80,9.80,9.80,200,
2026-02-11,LKB00832L158,TBond,6.84,10.15,1.0,20,10.15,10.15,10.15,10.15,250,
2026-02-11,LKB02033F013,TBond,7.3,10.5,5.0,21,10.50,10.46,10.45,10.47,950,
2026-02-11,LKB02033K013,TBond,7.72,10.46,1.0,22,10.46,10.46,10.46,10.46,300,
2026-02-11,LKB00934F154,TBond,8.34,10.65,3.0,23,10.64,10.65,10.64,10.64,300,
2026-02-11,LKB01035F159,TBond,9.34,10.75,1.0,24,10.75,10.75,10.75,10.75,50,
2026-02-12,LKA36426B209 LKA09126E012 LKA09126E152 LKA36426E229 LKA18226H079 LKA36427B124 LKB00527E019 LKB00527I150 LKB01628G019 LKB00529F152 LKB00629I154 LKB00529J154 LKB00529L150 LKB00530C017 LKB01530E152 LKB00530G018 LKB01231C151 LKB02032J017 LKB00832L158 LKB02033F013 LKB01534I155 LKB01035F159 LKB01136H151 LKB01237G019 LKB02039H156,Tbill Tbill Tbill Tbill Tbill Tbill TBond TBond TBond TBond TBond TBond TBond TBond TBond TBond TBond TBond TBond TBond TBond TBond TBond TBond TBond,,,,1 2 3 4 5 6 7 8 9 10 11 12 13 14 15 16 17 18 19 20 21 22 23 24 25,7.30 7.62 7.72 7.55 8.08 8.27 8.40 8.50 8.96 9.34 9.42 9.45 9.45 9.60 9.50 9.60 9.75 9.50 10.12 10.40 10.60 10.75 10.79 10.96 10.90,7.30 7.62 7.72 7.55 8.08 8.25 8.40 8.50 8.96 9.34 9.43 9.45 9.42 9.48 9.50 9.50 9.70 10.09 10.12 10.41 10.62 10.73 10.77 10.86 10.91,7.30 7.62 7.72 7.55 8.08 8.25 8.40 8.50 8.96 9.34 9.41 9.43 9.42 9.48 9.50 9.49 9.70 10.09 10.12 10.40 10.60 10.73 10.75 10.85 10.90,7.30 7.62 7.72 7.55 8.08 8.26 8.40 8.50 8.96 9.34 9.42 9.44 9.43 9.52 9.50 9.51 9.72 10.10 10.12 10.42 10.61 10.74 10.77 10.91 10.90,"50 1 00 8 99 59 2 50 5 00 1 00 3 50 1 00 1 00 6 00 3 ,350 1 ,550 3 ,409 1 00 4 ,750 6 00 5 00 3 00 8 00 5 00 1 ,750 5 ,982 2 ,250 3 50",
2026-02-13,LKA36426C132,Tbill,0.08,7.65,1.0,1,7.65,7.65,7.65,7.65,"2 ,815",
2026-02-13,LKA18226H079,Tbill,0.48,8.0,3.0,2,8.00,8.00,8.00,8.00,1 84,
2026-02-13,LKA36427B058,Tbill,0.98,8.25,2.0,3,8.25,8.25,8.25,8.25,2 80,
2026-02-13,LKA36427B124,Tbill,1.0,8.25,1.0,4,8.25,8.25,8.25,8.25,2 50,
2026-02-13,LKB00527I150,TBond,1.59,8.53,3.0,5,8.51,8.50,8.50,8.51,3 00,
2026-02-13,LKB00529F152,TBond,3.33,9.35,4.0,6,9.35,9.35,9.35,9.35,8 50,
2026-02-13,LKB00629I154,TBond,3.59,9.44,2.0,7,9.44,9.44,9.44,9.44,2 00,
2026-02-13,LKB00529J154,TBond,3.67,9.43,2.0,8,9.42,9.43,9.42,9.43,"2 ,500",
2026-02-13,LKB00529L150,TBond,3.84,9.55,3.0,9,9.43,9.55,9.43,9.43,"1 ,600",
2026-02-13,LKB00530C017,TBond,4.04,9.54,11.0,10,9.50,9.52,9.50,9.51,"3 ,931",
2026-02-13,LKB01530E152,TBond,4.25,9.52,2.0,11,9.51,9.52,9.51,9.52,2 00,
2026-02-13,LKB00530G018,TBond,4.38,9.52,3.0,12,9.51,9.52,9.49,9.50,"1 ,350",
2026-02-13,LKB02032J017,TBond,6.63,10.11,4.0,13,10.10,10.10,10.10,10.10,5 07,
2026-02-13,LKB02033F013,TBond,7.3,10.39,9.0,14,10.11,10.35,10.35,10.36,"1 ,450",
2026-02-13,LKB02033K013,TBond,7.72,10.4,8.0,15,10.40,10.38,10.35,10.37,"1 ,850",
2026-02-13,LKB00934F154,TBond,8.33,10.58,9.0,16,10.58,10.55,10.52,10.56,"1 ,000",
2026-02-13,LKB01534I155,TBond,8.59,10.6,1.0,17,10.60,10.60,10.60,10.60,5 00,
2026-02-13,LKB01035F159,TBond,9.33,10.72,9.0,18,10.72,10.72,10.68,10.69,"1 ,450",
2026-02-13,LKB01136H151,TBond,10.5,10.73,3.0,19,10.73,10.73,10.73,10.73,"2 ,590",
2026-02-13,LKB01237G019,TBond,11.38,10.85,6.0,20,10.85,10.82,10.80,10.83,"1 ,500",
2026-02-13,LKB02039H156,TBond,13.5,10.92,1.0,21,10.92,10.92,10.92,10.92,5 00,
2026-02-16,LKA36426C272,Tbill,0.11,7.62,1.0,1,7.62,7.62,7.62,7.62,"2 ,500",
2026-02-16,LKA36427B058,Tbill,0.97,8.25,4.0,2,8.23,8.25,8.23,8.25,"2 ,700",
2026-02-16,LKA36427B124,Tbill,0.99,8.2,1.0,3,8.20,8.20,8.20,8.20,3 57,
2026-02-16,LKB00428B156,TBond,2.0,8.96,4.0,4,8.95,8.96,8.95,8.95,4 00,
2026-02-16,LKB01028C151,TBond,2.08,8.95,3.0,5,8.95,8.95,8.95,8.95,3 00,
2026-02-16,LKB01528E016,TBond,2.2,9.03,7.0,6,9.00,9.03,9.00,9.00,7 00,
2026-02-16,LKB01628G019,TBond,2.37,9.05,4.0,7,9.03,9.05,9.03,9.04,5 00,
2026-02-16,LKB01528I017,TBond,2.54,9.1,1.0,8,9.10,9.10,9.10,9.10,1 00,
2026-02-16,LKB00428J159,TBond,2.66,9.1,1.0,9,9.10,9.10,9.10,9.10,1 00,
2026-02-16,LKB00528L152,TBond,2.83,9.1,1.0,10,9.10,9.10,9.10,9.10,1 00,
2026-02-16,LKB00529F152,TBond,3.33,9.35,1.0,11,9.35,9.35,9.35,9.35,1 00,
2026-02-16,LKB00629I154,TBond,3.58,9.45,6.0,12,9.43,9.45,9.43,9.44,"1 ,250",
2026-02-16,LKB00529J154,TBond,3.66,9.45,6.0,13,9.43,9.45,9.43,9.44,"2 ,050",
2026-02-16,LKB00529L150,TBond,3.83,9.5,4.0,14,7.62,9.50,9.45,9.48,5 96,
2026-02-16,LKB00530C017,TBond,4.04,9.52,10.0,15,9.50,9.52,9.49,9.50,"2 ,737",
2026-02-16,LKB01530E152,TBond,4.24,9.5,1.0,16,9.50,9.50,9.50,9.50,1 00,
2026-02-16,LKB00530G018,TBond,4.37,9.55,7.0,17,9.50,9.55,9.50,9.52,8 50,
2026-02-16,LKB00730J158,TBond,4.66,9.57,3.0,18,9.53,9.57,9.53,9.56,3 00,
2026-02-16,LKB01231C151,TBond,5.07,9.7,1.0,19,9.70,9.70,9.70,9.70,1 00,
2026-02-16,LKB01031L016,TBond,5.79,9.8,1.0,20,9.80,9.80,9.80,9.80,1 50,
2026-02-16,LKB02032J017,TBond,6.62,10.13,3.0,21,10.10,10.12,10.10,10.11,2 00,
2026-02-16,LKB00832L158,TBond,6.83,10.15,1.0,22,10.15,10.15,10.15,10.15,1 50,
2026-02-16,LKB02033F013,TBond,7.29,10.4,4.0,23,10.40,10.38,10.37,10.38,2 50,
2026-02-16,LKB02033K013,TBond,7.71,10.38,1.0,24,10.38,10.38,10.38,10.38,1 00,
2026-02-17,LKA36426C207,Tbill,0.08,7.6,1.0,1,7.60,7.60,7.60,7.60,"2 ,200",
2026-02-17,LKA36426C272,Tbill,0.1,7.6,1.0,2,7.60,7.60,7.60,7.60,"3 ,700",
2026-02-17,LKA36426D031,Tbill,0.12,7.61,1.0,3,7.61,7.61,7.61,7.61,"1 ,100",
2026-02-17,LKB01026H014,TBond,0.45,8.1,2.0,4,8.10,8.10,8.10,8.10,"1 ,000",
2026-02-17,LKB00326L151,TBond,0.82,8.2,2.0,5,8.20,8.20,8.20,8.20,500,
2026-02-17,LKB00827A151,TBond,0.91,8.3,1.0,6,8.30,8.30,8.30,8.30,250,
2026-02-17,LKA36427B124,Tbill,0.99,8.25,1.0,7,8.25,8.25,8.25,8.25,250,
2026-02-17,LKB01628G019,TBond,2.37,9.07,4.0,8,9.05,9.07,9.05,9.06,550,
2026-02-17,LKB00529F152,TBond,3.32,9.35,3.0,9,9.35,9.35,9.35,9.35,300,
2026-02-17,LKB00729G156,TBond,3.41,9.48,2.0,10,9.45,9.48,9.45,9.47,200,
2026-02-17,LKB00629I154,TBond,3.58,9.48,5.0,11,9.45,9.44,9.44,9.45,400,
2026-02-17,LKB00529J154,TBond,3.66,9.45,8.0,12,9.45,9.45,9.45,9.45,"1 ,850",
2026-02-17,LKB00529L150,TBond,3.82,9.47,4.0,13,9.45,9.47,9.46,9.46,"3 ,000",
2026-02-17,LKB00530C017,TBond,4.03,9.53,4.0,14,9.51,9.51,9.51,9.52,748,
2026-02-17,LKB00530G018,TBond,4.37,9.54,1.0,15,9.54,9.54,9.54,9.54,50,
2026-02-17,LKB01231C151,TBond,5.07,9.74,2.0,16,9.74,9.74,9.72,9.73,100,
2026-02-17,LKB02032J017,TBond,6.62,10.15,5.0,17,10.11,10.12,10.11,10.12,620,
2026-02-17,LKB00832L158,TBond,6.83,10.15,2.0,18,10.15,10.14,10.14,10.15,200,
2026-02-17,LKB02033F013,TBond,7.29,10.4,2.0,19,10.40,10.40,10.40,10.40,200,
2026-02-17,LKB00934F154,TBond,8.32,10.65,1.0,20,10.65,10.65,10.65,10.65,500,
2026-02-17,LKB01534I155,TBond,8.57,10.67,2.0,21,10.64,10.67,10.64,10.66,200,
2026-02-17,LKB01035F159,TBond,9.32,10.75,3.0,22,10.74,10.75,10.74,10.75,550,
2026-02-17,LKB01237G019,TBond,11.37,10.85,1.0,23,10.85,10.85,10.85,10.85,500,
2026-02-17,LKB02039H156,TBond,13.49,10.95,6.0,24,10.92,10.92,10.92,10.93,"1 ,650",
2026-02-18,LKB00426E154,TBond,0.24,8.0,1.0,1,8.00,8.00,8.00,8.00,"1 ,000",
2026-02-18,LKA09126E228,Tbill,0.25,7.65,9.0,2,7.60,7.65,7.60,7.64,"2 ,890",
2026-02-18,LKA18226G246,Tbill,0.43,8.02,1.0,3,8.02,8.02,8.02,8.02,2 50,
2026-02-18,LKB01026H014,TBond,0.45,8.05,1.0,4,8.05,8.05,8.05,8.05,"1 ,000",
2026-02-18,LKA18226G311,Tbill,0.45,8.02,1.0,5,8.02,8.02,8.02,8.02,2 50,
2026-02-18,LKA18226H210,Tbill,0.5,8.0,3.0,6,8.00,8.00,7.90,7.95,9 26,
2026-02-18,LKA36427B199,Tbill,1.0,8.29,14.0,7,8.26,8.29,8.25,8.26,"4 ,876",
2026-02-18,LKB00527E019,TBond,1.2,8.4,3.0,8,8.40,8.39,8.39,8.40,7 00,
2026-02-18,LKB00527I150,TBond,1.57,8.47,1.0,9,8.47,8.47,8.47,8.47,"2 ,000",
2026-02-18,LKB00628A153,TBond,1.91,8.95,2.0,10,8.95,8.90,8.90,8.93,2 00,
2026-02-18,LKB01028C151,TBond,2.07,9.05,5.0,11,9.05,9.02,9.02,9.04,"4 ,250",
2026-02-18,LKB01628G019,TBond,2.37,9.05,2.0,12,9.05,9.05,9.05,9.05,2 00,
2026-02-18,LKB01528I017,TBond,2.54,9.15,1.0,13,9.15,9.15,9.15,9.15,2 50,
2026-02-18,LKB01529E014,TBond,3.2,9.4,1.0,14,9.40,9.40,9.40,9.40,2 00,
2026-02-18,LKB00529F152,TBond,3.32,9.34,1.0,15,9.34,9.34,9.34,9.34,1 00,
2026-02-18,LKB00629I154,TBond,3.57,9.55,3.0,16,9.45,9.55,9.44,9.46,4 00,
2026-02-18,LKB00529L150,TBond,3.82,9.5,10.0,17,9.50,9.50,9.50,9.50,"2 ,550",
2026-02-18,LKB00530C017,TBond,4.03,9.55,17.0,18,9.54,9.55,9.52,9.54,"7 ,400",
2026-02-18,LKB01530E152,TBond,4.24,9.6,1.0,19,9.60,9.60,9.60,9.60,5 0,
2026-02-18,LKB00530G018,TBond,4.36,9.56,4.0,20,9.55,9.56,9.55,9.56,4 50,
2026-02-18,LKB00730J158,TBond,4.65,9.62,2.0,21,9.58,9.62,9.58,9.60,1 00,
2026-02-18,LKB01231C151,TBond,5.07,9.75,5.0,22,9.75,9.75,9.75,9.75,"1 ,500",
2026-02-18,LKB01032G014,TBond,6.37,10.2,3.0,23,7.60,10.20,10.20,10.20,2 17,
2026-02-18,LKB00832L158,TBond,6.82,10.15,1.0,24,10.15,10.15,10.15,10.15,2 50,
2026-02-18,LKB02033F013,TBond,7.28,10.45,2.0,25,10.43,10.45,10.43,10.44,5 00,
2026-02-18,LKB01035F159,TBond,9.32,10.75,1.0,26,10.75,10.75,10.75,10.75,2 50,
2026-02-18,LKB01237G019,TBond,11.36,10.87,4.0,27,10.86,10.87,10.86,10.86,"2 ,000",
2026-02-19,LKA36426F051,Tbill,0.29,7.83,2.0,1,7.83,7.83,7.80,7.82,"1 ,000",
2026-02-19,LKA18226H079,Tbill,0.46,7.8,2.0,2,7.80,7.80,7.80,7.80,2 04,
2026-02-19,LKA18226H210,Tbill,0.5,7.99,1.0,3,7.99,7.99,7.99,7.99,8 4,
2026-02-19,LKA36427B058,Tbill,0.96,8.2,1.0,4,8.20,8.20,8.20,8.20,2 50,
2026-02-19,LKA36427B199,Tbill,1.0,8.27,5.0,5,8.25,8.27,8.21,8.25,"1 ,029",
2026-02-19,LKB00527E019,TBond,1.19,8.39,6.0,6,8.39,8.35,8.35,8.35,"1 ,600",
2026-02-19,LKB00428B156,TBond,1.99,8.98,1.0,7,8.98,8.98,8.98,8.98,1 00,
2026-02-19,LKB01028C151,TBond,2.07,9.0,6.0,8,8.99,8.99,8.99,9.00,6 00,
2026-02-19,LKB01528E016,TBond,2.2,9.05,2.0,9,9.02,9.05,9.02,9.04,"1 ,250",
2026-02-19,LKB00529F152,TBond,3.32,9.47,10.0,10,9.35,9.40,9.35,9.40,"2 ,850",
2026-02-19,LKB00729G156,TBond,3.4,9.55,1.0,11,9.55,9.55,9.55,9.55,3 00,
2026-02-19,LKB00530C017,TBond,4.03,9.54,2.0,12,9.54,9.54,9.54,9.54,3 50,
2026-02-19,LKB00530G018,TBond,4.36,9.55,1.0,13,9.55,9.55,9.55,9.55,1 00,
2026-02-19,LKB02032J017,TBond,6.61,10.25,5.0,14,10.16,10.25,10.16,10.19,"1 ,750",
2026-02-19,LKB02033F013,TBond,7.28,10.5,4.0,15,10.50,10.50,10.50,10.50,"1 ,700",
2026-02-19,LKB02033K013,TBond,7.7,10.54,4.0,16,10.52,10.54,10.52,10.53,"1 ,100",
2026-02-19,LKB00934F154,TBond,8.32,10.7,1.0,17,10.70,10.70,10.70,10.70,5 0,
2026-02-19,LKB01035F159,TBond,9.32,10.8,5.0,18,10.77,10.80,10.77,10.79,"1 ,900",
2026-02-19,LKB01237G019,TBond,11.36,10.9,3.0,19,10.88,10.90,10.88,10.89,"1 ,100",
2026-02-20,LKA09126E228,Tbill,0.25,7.55,3.0,1,7.55,7.50,7.50,7.55,"1 ,621",
2026-02-20,LKA18226H210,Tbill,0.5,7.96,1.0,2,7.96,7.96,7.96,7.96,5 00,
2026-02-20,LKB00326L151,TBond,0.82,8.2,2.0,3,8.20,8.20,8.20,8.20,"1 ,250",
2026-02-20,LKB00628A153,TBond,1.9,9.05,1.0,4,9.05,9.05,9.05,9.05,5 0,
2026-02-20,LKB01528E016,TBond,2.19,9.08,5.0,5,9.05,9.08,9.05,9.07,"1 ,800",
2026-02-20,LKB01628G019,TBond,2.36,9.15,1.0,6,9.15,9.15,9.15,9.15,5 0,
2026-02-20,LKB00529F152,TBond,3.32,9.4,1.0,7,9.40,9.40,9.40,9.40,2 00,
2026-02-20,LKB00629I154,TBond,3.57,9.51,4.0,8,9.51,9.49,9.49,9.50,"1 ,400",
2026-02-20,LKB00530G018,TBond,4.36,9.68,2.0,9,9.68,9.68,9.68,9.68,1 00,
2026-02-20,LKB01231C151,TBond,5.06,9.78,1.0,10,9.78,9.78,9.78,9.78,5 0,
2026-02-20,LKB00931E153,TBond,5.23,9.9,1.0,11,9.90,9.90,9.90,9.90,1 00,
2026-02-20,LKB02032J017,TBond,6.61,10.23,1.0,12,10.23,10.23,10.23,10.23,5 0,
2026-02-20,LKB02033F013,TBond,7.28,10.55,6.0,13,10.50,10.55,10.50,10.52,6 50,
2026-02-20,LKB00934F154,TBond,8.31,10.74,6.0,14,9.78,10.74,10.70,10.72,"1 ,191",
2026-02-20,LKB01035F159,TBond,9.31,10.8,9.0,15,10.76,10.80,10.75,10.77,"1 ,350",
2026-02-20,LKB01237G019,TBond,11.36,10.93,3.0,16,10.92,10.93,10.92,10.93,3 00,
2026-02-23,LKA36426F051,Tbill,0.28,7.82,2.0,1,7.82,7.73,7.73,7.78,"1 ,000",
2026-02-23,LKB00428B156,TBond,1.98,9.0,1.0,2,9.00,9.00,9.00,9.00,1 00,
2026-02-23,LKB00428J159,TBond,2.64,9.19,9.0,3,9.15,9.19,9.15,9.16,"2 ,950",
2026-02-23,LKB00529J154,TBond,3.64,9.5,1.0,4,9.50,9.50,9.50,9.50,1 00,
2026-02-23,LKB00530C017,TBond,4.02,9.45,2.0,5,9.45,9.45,9.45,9.45,1 63,
2026-02-23,LKB01035F159,TBond,9.31,10.84,1.0,6,10.84,10.84,10.84,10.84,5 00,
2026-02-24,LKA36426F051,Tbill,0.28,7.82,2.0,1,7.82,7.75,7.75,7.79,"1 ,000",
2026-02-24,LKA18226G170,Tbill,0.39,7.96,1.0,2,7.96,7.96,7.96,7.96,"1 ,000",
2026-02-24,LKB00428J159,TBond,2.64,9.15,1.0,3,9.15,9.15,9.15,9.15,5 50,
2026-02-24,LKB00528L152,TBond,2.81,9.19,1.0,4,9.19,9.19,9.19,9.19,9 00,
2026-02-24,LKB00529F152,TBond,3.3,9.4,2.0,5,9.40,9.39,9.39,9.40,2 00,
2026-02-24,LKB00629I154,TBond,3.56,9.47,2.0,6,9.47,9.47,9.47,9.47,"1 ,100",
2026-02-24,LKB00529J154,TBond,3.64,9.54,7.0,7,9.50,9.49,9.49,9.50,"1 ,600",
2026-02-24,LKB00529L150,TBond,3.81,9.5,2.0,8,9.50,9.49,9.49,9.49,6 00,
2026-02-24,LKB00530C017,TBond,4.01,9.55,1.0,9,9.55,9.55,9.55,9.55,1 00,
2026-02-24,LKB00530G018,TBond,4.35,9.55,1.0,10,9.55,9.55,9.55,9.55,1 00,
2026-02-24,LKB00934F154,TBond,8.3,10.8,8.0,11,10.75,10.76,10.75,10.76,"2 ,000",
2026-02-24,LKB01035F159,TBond,9.3,10.85,5.0,12,10.85,10.84,10.84,10.85,"1 ,250",
2026-02-24,LKB01237G019,TBond,11.35,10.93,1.0,13,10.93,10.93,10.93,10.93,5 00,
2026-02-25,LKA36426D031,Tbill,0.1,7.5,2.0,1,7.50,7.42,7.42,7.46,6 00,
2026-02-25,LKA09126D246,Tbill,0.16,7.6,2.0,2,7.60,7.52,7.52,7.56,2 00,
2026-02-25,LKA09126E293,Tbill,0.25,7.65,8.0,3,7.65,7.63,7.60,7.62,"1 ,628",
2026-02-25,LKA18226G105,Tbill,0.37,7.96,2.0,4,7.96,7.96,7.96,7.96,"1 ,500",
2026-02-25,LKA18226G170,Tbill,0.39,7.96,3.0,5,7.96,7.94,7.94,7.95,"4 ,000",
2026-02-25,LKB01026H014,TBond,0.43,8.1,2.0,6,8.10,8.00,8.00,8.07,7 23,
2026-02-25,LKA18226H210,Tbill,0.48,7.95,4.0,7,7.95,7.95,7.95,7.95,"2 ,000",
2026-02-25,LKA18226H285,Tbill,0.5,7.95,4.0,8,7.62,7.95,7.93,7.94,"2 ,589",
2026-02-25,LKB00326L151,TBond,0.8,8.22,2.0,9,8.20,8.22,8.20,8.20,8 50,
2026-02-25,LKB00827A151,TBond,0.89,8.23,3.0,10,8.23,8.22,8.22,8.23,7 50,
2026-02-25,LKA36427B264,Tbill,1.0,8.25,21.0,11,8.25,8.25,8.20,8.24,"8 ,950",
2026-02-25,LKB00428B156,TBond,1.97,8.98,2.0,12,8.98,8.98,8.98,8.98,2 00,
2026-02-25,LKB01528E016,TBond,2.18,9.05,2.0,13,9.05,9.05,9.05,9.05,5 00,
2026-02-25,LKB00428J159,TBond,2.64,9.12,2.0,14,9.12,9.12,9.12,9.12,4 00,
2026-02-25,LKB00629I154,TBond,3.55,9.45,1.0,15,9.45,9.45,9.45,9.45,1 00,
2026-02-25,LKB00529J154,TBond,3.64,9.47,1.0,16,9.47,9.47,9.47,9.47,1 00,
2026-02-25,LKB00529L150,TBond,3.8,9.48,2.0,17,9.45,9.48,9.48,9.48,2 00,
2026-02-25,LKB00530C017,TBond,4.01,9.55,1.0,18,9.55,9.55,9.55,9.55,2 50,
2026-02-25,LKB01032G014,TBond,6.35,10.4,1.0,19,10.40,10.40,10.40,10.40,8 5,
2026-02-25,LKB00934F154,TBond,8.3,10.72,3.0,20,10.72,10.72,10.72,10.72,7 07,
2026-02-25,LKB01035F159,TBond,9.3,10.8,1.0,21,10.80,10.80,10.80,10.80,1 00,
2026-02-26,LKA09126D030,Tbill,0.1,7.5,1.0,1,7.50,7.50,7.50,7.50,"2 ,000",
2026-02-26,LKA18226H210,Tbill,0.48,7.94,1.0,2,7.94,7.94,7.94,7.94,5 00,
2026-02-26,LKA36427A019,Tbill,0.85,8.2,1.0,3,8.20,8.20,8.20,8.20,5 00,
2026-02-26,LKB00827A151,TBond,0.88,8.2,1.0,4,8.20,8.20,8.20,8.20,5 0,
2026-02-26,LKA36427B058,Tbill,0.94,8.15,1.0,5,8.15,8.15,8.15,8.15,2 50,
2026-02-26,LKA36427B124,Tbill,0.96,8.22,2.0,6,8.22,8.20,8.20,8.21,8 00,
2026-02-26,LKA36427B264,Tbill,1.0,8.24,2.0,7,8.20,8.24,8.20,8.24,"1 ,603",
2026-02-26,LKB01628G019,TBond,2.34,9.04,2.0,8,9.04,9.04,9.04,9.04,2 00,
2026-02-26,LKB00529F152,TBond,3.3,9.35,1.0,9,9.35,9.35,9.35,9.35,1 00,
2026-02-26,LKB00629I154,TBond,3.55,9.42,5.0,10,9.40,9.40,9.40,9.41,"3 ,000",
2026-02-26,LKB00529J154,TBond,3.63,9.45,9.0,11,9.43,9.42,9.40,9.42,"1 ,150",
2026-02-26,LKB00529L150,TBond,3.8,9.45,11.0,12,9.45,9.43,9.42,9.44,"5 ,550",
2026-02-26,LKB00530C017,TBond,4.01,9.55,13.0,13,9.55,9.49,9.48,9.51,"4 ,835",
2026-02-26,LKB00530G018,TBond,4.34,9.5,1.0,14,9.50,9.50,9.50,9.50,1 00,
2026-02-26,LKB00730J158,TBond,4.63,9.53,1.0,15,9.48,9.48,9.53,9.53,2 00,
2026-02-26,LKB01231C151,TBond,5.05,9.75,2.0,16,9.75,9.70,9.70,9.71,3 50,
2026-02-26,LKB02032J017,TBond,6.6,10.15,5.0,17,10.15,10.15,10.12,10.15,6 00,
2026-02-26,LKB00832L158,TBond,6.8,10.15,4.0,18,10.13,10.14,10.13,10.14,4 50,
2026-02-26,LKB02033F013,TBond,7.26,10.47,17.0,19,10.47,10.35,10.35,10.37,"2 ,050",
2026-02-26,LKB02033K013,TBond,7.68,10.4,1.0,20,10.40,10.40,10.40,10.40,1 00,
2026-02-26,LKB00934F154,TBond,8.3,10.74,18.0,21,10.74,10.74,10.65,10.73,"1 0,176",
2026-02-26,LKB01035F159,TBond,9.3,10.79,8.0,22,10.79,10.70,10.70,10.71,"1 ,550",
2026-02-26,LKB01237G019,TBond,11.34,10.91,5.0,23,10.91,10.84,10.84,10.89,"2 ,909",
2026-02-27,LKA36426D031,Tbill,0.1,7.5,1.0,1,7.50,7.50,7.50,7.50,"2 ,000",
2026-02-27,LKA36427B124,Tbill,0.96,8.1,1.0,2,8.10,8.10,8.10,8.10,1 08,
2026-02-27,LKB01528E016,TBond,2.17,9.03,1.0,3,9.03,9.03,9.03,9.03,1 00,
2026-02-27,LKB00629I154,TBond,3.55,9.39,1.0,4,9.39,9.39,9.39,9.39,1 00,
2026-02-27,LKB00529J154,TBond,3.63,9.4,3.0,5,9.40,9.39,9.39,9.39,6 00,
2026-02-27,LKB00529L150,TBond,3.8,9.42,5.0,6,9.42,9.40,9.40,9.40,"1 ,050",
2026-02-27,LKB00530C017,TBond,4.01,9.5,6.0,7,9.48,9.50,9.47,9.48,"4 ,287",
2026-02-27,LKB00530G018,TBond,4.34,9.48,1.0,8,9.48,9.48,9.48,9.48,2 00,
2026-02-27,LKB01231C151,TBond,5.04,9.71,3.0,9,9.70,9.71,9.70,9.70,2 00,
2026-02-27,LKB02032J017,TBond,6.59,10.1,4.0,10,10.10,10.10,10.10,10.10,7 00,
2026-02-27,LKB00832L158,TBond,6.8,10.11,5.0,11,10.11,10.10,10.10,10.10,9 50,
2026-02-27,LKB02033F013,TBond,7.26,10.36,4.0,12,10.35,10.35,10.35,10.35,5 00,
2026-02-27,LKB02033K013,TBond,7.68,10.4,2.0,13,10.40,10.40,10.40,10.40,2 00,
2026-02-27,LKB00934F154,TBond,8.3,10.7,10.0,14,10.62,10.70,10.61,10.68,"2 ,309",
2026-02-27,LKB01035F159,TBond,9.3,10.76,4.0,15,10.75,10.76,10.74,10.75,4 50,
2026-02-27,LKB01237G019,TBond,11.34,10.88,1.0,16,10.88,10.88,10.88,10.88,1 11,
2026-03-03,LKA36426G174,Tbill,0.37,8.04,1.0,1,8.04,8.04,8.04,8.04,7 00,
2026-03-03,LKA18226G246,Tbill,0.39,8.2,3.0,2,8.00,8.20,8.00,8.11,"3 ,200",
2026-03-03,LKB00326L151,TBond,0.79,8.3,1.0,3,8.30,8.30,8.30,8.30,"1 ,000",
2026-03-03,LKA36427A225,Tbill,0.89,8.46,1.0,4,8.46,8.46,8.46,8.46,4 00,
2026-03-03,LKA36427A290,Tbill,0.91,8.48,1.0,5,8.48,8.48,8.48,8.48,"2 ,200",
2026-03-03,LKA36427B058,Tbill,0.93,8.48,3.0,6,8.23,8.48,8.23,8.35,"1 ,450",
2026-03-03,LKB00428B156,TBond,1.95,9.0,1.0,7,9.00,9.00,9.00,9.00,1 00,
2026-03-03,LKB01628G019,TBond,2.33,9.18,1.0,8,9.18,9.18,9.18,9.18,5 0,
2026-03-03,LKB00428J159,TBond,2.62,9.23,1.0,9,9.23,9.23,9.23,9.23,5 0,
2026-03-03,LKB00529F152,TBond,3.29,9.5,4.0,10,9.45,9.45,9.45,9.46,5 00,
2026-03-03,LKB00629I154,TBond,3.54,9.6,5.0,11,9.59,9.55,9.55,9.58,5 00,
2026-03-03,LKB00529J154,TBond,3.62,9.6,1.0,12,9.60,9.60,9.60,9.60,1 00,
2026-03-03,LKB00529L150,TBond,3.79,9.63,5.0,13,9.60,9.60,9.60,9.62,9 50,
2026-03-03,LKB00530C017,TBond,3.99,9.63,9.0,14,9.56,9.60,9.56,9.59,"1 ,400",
2026-03-03,LKB01231C151,TBond,5.03,9.85,5.0,15,9.80,9.85,9.80,9.81,6 00,
2026-03-03,LKB02032J017,TBond,6.58,10.2,5.0,16,10.20,10.20,10.20,10.20,6 50,
2026-03-03,LKB02033F013,TBond,7.25,10.6,6.0,17,10.55,10.55,10.50,10.51,"1 ,750",
2026-03-03,LKB00934F154,TBond,8.28,10.65,1.0,18,10.65,10.65,10.65,10.65,5 0,
2026-03-03,LKB01035F159,TBond,9.28,10.74,1.0,19,10.74,10.74,10.74,10.74,2 50,
2026-03-03,LKB01237G019,TBond,11.33,10.88,1.0,20,10.88,10.88,10.88,10.88,6 3,
2026-03-04,LKA36426D031,Tbill,0.08,7.5,1.0,1,7.50,7.50,7.50,7.50,"1 ,500",
2026-03-04,LKA09126F050,Tbill,0.25,7.66,11.0,2,7.61,7.66,7.60,7.62,"4 ,400",
2026-03-04,LKA18226G105,Tbill,0.35,8.15,1.0,3,8.15,8.15,8.15,8.15,5 0,
2026-03-04,LKA18226I044,Tbill,0.5,7.94,8.0,4,7.93,7.94,7.85,7.92,"4 ,297",
2026-03-04,LKB00827A151,TBond,0.87,8.27,1.0,5,8.27,8.27,8.27,8.27,2 50,
2026-03-04,LKA36427B058,Tbill,0.93,8.25,2.0,6,8.25,8.25,8.25,8.25,"1 ,000",
2026-03-04,LKA36427B124,Tbill,0.94,8.2,1.0,7,8.20,8.20,8.20,8.20,4 00,
2026-03-04,LKA36427C056,Tbill,1.0,8.25,10.0,8,8.23,8.25,8.20,8.23,"2 ,281",
2026-03-04,LKB00527E019,TBond,1.16,8.65,1.0,9,8.65,8.65,8.65,8.65,1 00,
2026-03-04,LKB01528E016,TBond,2.16,9.1,1.0,10,9.10,9.10,9.10,9.10,1 00,
2026-03-04,LKB01628G019,TBond,2.33,9.15,5.0,11,9.15,9.15,9.13,9.15,"1 ,500",
2026-03-04,LKB00428J159,TBond,2.62,9.2,1.0,12,9.20,9.20,9.20,9.20,1 00,
2026-03-04,LKB00528L152,TBond,2.78,9.25,1.0,13,9.25,9.25,9.25,9.25,1 00,
2026-03-04,LKB00729G156,TBond,3.36,9.8,1.0,14,9.80,9.80,9.80,9.80,5 5,
2026-03-04,LKB00629I154,TBond,3.53,9.57,1.0,15,9.57,9.57,9.57,9.57,1 00,
2026-03-04,LKB00529J154,TBond,3.62,9.58,2.0,16,9.58,9.58,9.58,9.58,4 50,
2026-03-04,LKB00529L150,TBond,3.78,9.6,8.0,17,9.58,9.60,9.58,9.59,9 50,
2026-03-04,LKB00530C017,TBond,3.99,9.6,2.0,18,9.60,9.60,9.60,9.60,2 00,
2026-03-04,LKB01530E152,TBond,4.2,9.8,3.0,19,9.66,9.80,9.66,9.68,"1 ,130",
2026-03-04,LKB00730J158,TBond,4.62,9.83,2.0,20,9.71,9.83,9.71,9.77,5 36,
2026-03-04,LKB01231C151,TBond,5.03,9.9,3.0,21,9.85,9.83,9.83,9.86,3 50,
2026-03-04,LKB00832L158,TBond,6.78,10.28,3.0,22,8.25,10.22,10.22,10.24,2 00,
2026-03-04,LKB02033F013,TBond,7.24,10.5,2.0,23,10.50,10.50,10.50,10.50,3 50,
2026-03-05,LKA36426F127,Tbill,0.27,7.5,1.0,1,7.50,7.50,7.50,7.50,1 07,
2026-03-05,LKA18226G105,Tbill,0.35,7.95,3.0,2,7.95,7.94,7.94,7.95,"1 ,500",
2026-03-05,LKA18226I044,Tbill,0.5,7.94,6.0,3,7.94,7.92,7.92,7.92,"4 ,173",
2026-03-05,LKA36427B058,Tbill,0.92,8.21,3.0,4,8.21,8.21,8.21,8.21,"1 ,000",
2026-03-05,LKB00529J154,TBond,3.61,9.6,7.0,5,9.59,9.60,9.59,9.60,"1 ,200",
2026-03-05,LKB00529L150,TBond,3.78,9.6,4.0,6,9.59,9.60,9.59,9.60,"1 ,000",
2026-03-05,LKB00530G018,TBond,4.32,9.7,2.0,7,9.70,9.70,9.70,9.70,"2 ,000",
2026-03-05,LKB01231C151,TBond,5.03,9.85,2.0,8,9.85,9.85,9.85,9.85,5 00,
2026-03-05,LKB02033F013,TBond,7.24,10.5,1.0,9,10.50,10.50,10.50,10.50,5 0,
2026-03-05,LKB00934F154,TBond,8.28,10.73,5.0,10,10.72,10.73,10.72,10.72,"1 ,555",
2026-03-05,LKB01035F159,TBond,9.28,10.8,9.0,11,10.78,10.79,10.77,10.78,"4 ,000",
2026-03-06,LKA36426G034,Tbill,0.33,7.65,1.0,1,7.65,7.65,7.65,7.65,5 0,
2026-03-06,LKA18226G105,Tbill,0.34,7.9,1.0,2,7.90,7.90,7.90,7.90,2 50,
2026-03-06,LKA36427B058,Tbill,0.92,8.2,2.0,3,8.20,8.19,8.19,8.19,7 50,
2026-03-06,LKA36427B264,Tbill,0.98,8.2,5.0,4,8.20,8.19,8.19,8.20,"5 ,569",
2026-03-06,LKA36427C056,Tbill,1.0,8.15,1.0,5,8.15,8.15,8.15,8.15,5 9,
2026-03-06,LKB01528E016,TBond,2.15,9.12,1.0,6,9.12,9.12,9.12,9.12,5 00,
2026-03-06,LKB00528L152,TBond,2.78,9.23,1.0,7,9.23,9.23,9.23,9.23,1 00,
2026-03-06,LKB00832L158,TBond,6.78,10.28,2.0,8,10.28,10.26,10.26,10.27,1 00,
2026-03-06,LKB02033F013,TBond,7.24,10.51,6.0,9,10.50,10.50,10.50,10.50,9 50,
2026-03-06,LKB02033K013,TBond,7.66,10.62,3.0,10,10.52,10.62,10.52,10.54,6 30,
2026-03-06,LKB01035F159,TBond,9.28,10.8,3.0,11,10.79,10.78,10.78,10.79,"1 ,500",
2026-03-09,LKA36426D171,Tbill,0.11,7.6,1.0,1,7.60,7.60,7.60,7.60,2 01,
2026-03-09,LKA36426D247,Tbill,0.13,7.6,1.0,2,7.60,7.60,7.60,7.60,1 41,
2026-03-09,LKA36426E088,Tbill,0.16,7.6,1.0,3,7.60,7.60,7.60,7.60,1 13,
2026-03-09,LKA18226G105,Tbill,0.34,7.9,2.0,4,7.90,7.90,7.90,7.90,5 00,
2026-03-09,LKA36427B058,Tbill,0.91,8.25,2.0,5,8.23,8.25,8.23,8.24,6 00,
2026-03-09,LKA36427B199,Tbill,0.95,8.26,1.0,6,8.26,8.26,8.26,8.26,9 9,
2026-03-09,LKB00527I150,TBond,1.52,8.8,4.0,7,8.60,8.80,8.60,8.70,6 50,
2026-03-09,LKB00428B156,TBond,1.94,9.3,4.0,8,9.30,9.22,9.22,9.23,"2 ,620",
2026-03-09,LKB01028C151,TBond,2.02,9.26,4.0,9,9.25,9.26,9.25,9.25,"1 ,850",
2026-03-09,LKB01528E016,TBond,2.15,9.3,1.0,10,9.30,9.30,9.30,9.30,2 50,
2026-03-09,LKB01628G019,TBond,2.31,9.39,1.0,11,9.39,9.39,9.39,9.39,3 50,
2026-03-09,LKB00528L152,TBond,2.77,9.65,5.0,12,9.52,9.51,9.51,9.56,8 90,
2026-03-09,LKB00629I154,TBond,3.52,9.65,1.0,13,9.65,9.65,9.65,9.65,5 50,
2026-03-09,LKB00530C017,TBond,3.98,9.85,9.0,14,9.85,9.85,9.85,9.85,"2 ,800",
2026-03-09,LKB02033F013,TBond,7.23,10.6,1.0,15,10.60,10.60,10.60,10.60,2 50,
2026-03-09,LKB01035F159,TBond,9.27,11.0,3.0,16,10.90,11.00,10.90,10.94,"1 ,612",
2026-03-10,LKB01026H014,TBond,0.39,8.3,1.0,1,8.30,8.30,8.30,8.30,1 00,
2026-03-10,LKA18226I044,Tbill,0.49,7.91,1.0,2,7.91,7.91,7.91,7.91,5 00,
2026-03-10,LKB00428B156,TBond,1.94,9.1,1.0,3,9.10,9.10,9.10,9.10,1 00,
2026-03-10,LKB00629I154,TBond,3.52,9.55,1.0,4,9.55,9.55,9.55,9.55,1 00,
2026-03-10,LKB00530C017,TBond,3.98,9.7,10.0,5,9.70,9.65,9.65,9.65,"2 ,550",
2026-03-10,LKB01530E152,TBond,4.18,9.65,1.0,6,9.65,9.65,9.65,9.65,6 00,
2026-03-10,LKB02032J017,TBond,6.56,10.25,2.0,7,10.25,10.23,10.23,10.24,3 50,
2026-03-10,LKB02033F013,TBond,7.23,10.6,7.0,8,10.60,10.50,10.50,10.52,8 50,
2026-03-10,LKB02033K013,TBond,7.65,10.55,2.0,9,10.55,10.55,10.55,10.55,5 00,
2026-03-10,LKB00934F154,TBond,8.27,10.75,4.0,10,10.75,10.75,10.72,10.74,"1 ,315",
2026-03-10,LKB01035F159,TBond,9.26,10.85,5.0,11,10.23,10.84,10.80,10.83,5 50,
2026-03-11,LKA36426F051,Tbill,0.24,7.67,1.0,1,7.67,7.67,7.67,7.67,"2 ,000",
2026-03-11,LKA09126F126,Tbill,0.25,7.63,9.0,2,7.60,7.63,7.60,7.62,"4 ,700",
2026-03-11,LKA18226G105,Tbill,0.33,7.85,2.0,3,7.85,7.84,7.84,7.85,7 50,
2026-03-11,LKA18226G170,Tbill,0.35,7.85,1.0,4,7.85,7.85,7.85,7.85,2 50,
2026-03-11,LKA18226H079,Tbill,0.41,7.9,6.0,5,7.90,7.90,7.90,7.90,"2 ,950",
2026-03-11,LKA18226I044,Tbill,0.48,7.9,6.0,6,7.90,7.90,7.90,7.90,"3 ,000",
2026-03-11,LKA18226I119,Tbill,0.5,7.93,10.0,7,7.93,7.90,7.90,7.92,"4 ,800",
2026-03-11,LKA36427B058,Tbill,0.91,8.2,1.0,8,8.20,8.20,8.20,8.20,2 50,
2026-03-11,LKA36427C122,Tbill,1.0,8.25,7.0,9,8.23,8.23,8.22,8.23,"7 ,804",
2026-03-11,LKB00527I150,TBond,1.51,8.56,3.0,10,8.55,8.56,8.55,8.55,2 50,
2026-03-11,LKB00628A153,TBond,1.85,9.05,3.0,11,9.05,9.05,9.05,9.05,"2 ,700",
2026-03-11,LKB00428B156,TBond,1.93,9.2,3.0,12,9.15,9.15,9.15,9.17,3 00,
2026-03-11,LKB01028C151,TBond,2.01,9.15,5.0,13,9.12,9.15,9.12,9.15,"2 ,850",
2026-03-11,LKB00629I154,TBond,3.52,9.5,2.0,14,9.50,9.50,9.50,9.50,2 00,
2026-03-11,LKB00529L150,TBond,3.76,9.55,1.0,15,9.55,9.55,9.55,9.55,2 50,
2026-03-11,LKB00530C017,TBond,3.97,9.65,2.0,16,9.65,9.65,9.65,9.65,3 50,
2026-03-11,LKB02033F013,TBond,7.23,10.5,2.0,17,10.50,10.50,10.50,10.50,5 00,
2026-03-11,LKB00934F154,TBond,8.26,10.76,7.0,18,10.75,10.76,10.75,10.76,"4 ,000",
2026-03-12,LKA18226G170,Tbill,0.35,7.83,1.0,1,7.83,7.83,7.83,7.83,5 00,
2026-03-12,LKA18226H079,Tbill,0.41,7.86,2.0,2,7.85,7.86,7.85,7.85,8 50,
2026-03-12,LKA18226H210,Tbill,0.44,7.9,2.0,3,7.90,7.90,7.90,7.90,"1 ,000",
2026-03-12,LKA18226I119,Tbill,0.5,7.91,2.0,4,7.80,7.91,7.80,7.90,"6 ,405",
2026-03-12,LKB00527E019,TBond,1.14,8.4,1.0,5,8.40,8.40,8.40,8.40,1 00,
2026-03-12,LKB00527I150,TBond,1.51,8.55,1.0,6,8.55,8.55,8.55,8.55,1 00,
2026-03-12,LKB00529F152,TBond,3.26,9.5,1.0,7,9.50,9.50,9.50,9.50,1 00,
2026-03-12,LKB00629I154,TBond,3.51,9.56,1.0,8,9.56,9.56,9.56,9.56,3 00,
2026-03-12,LKB00529L150,TBond,3.76,9.61,4.0,9,9.60,9.61,9.60,9.60,6 50,
2026-03-12,LKB00530C017,TBond,3.97,9.66,5.0,10,9.65,9.66,9.65,9.65,"1 ,426",
2026-03-12,LKB02033K013,TBond,7.64,10.5,1.0,11,10.50,10.50,10.50,10.50,1 00,
